2026-10-07T18:43:23Z	deskcommcrm-scheduler-1	5.395MiB / 7.755GiB	1.41%
2026-10-07T18:43:23Z	deskcommcrm-app-1	258MiB / 768MiB	0.00%
2026-10-07T18:43:23Z	deskcommcrm-srh-1	67.62MiB / 7.755GiB	0.04%
2026-10-07T18:43:23Z	deskcommcrm-waha-1	292.6MiB / 1.25GiB	0.05%
2026-10-07T18:43:23Z	deskcommcrm-redis-1	3.238MiB / 7.755GiB	0.31%
2026-10-07T18:43:23Z	deskcommcrm-worker-1	227.4MiB / 512MiB	0.17%
2026-10-07T18:43:23Z	deskcommcrm-supabase-api-gw-1	31.46MiB / 7.755GiB	0.31%
2026-10-07T18:43:23Z	deskcommcrm-supabase-storage-1	112.9MiB / 7.755GiB	1.74%
2026-10-07T18:43:23Z	deskcommcrm-supabase-functions-1	26.74MiB / 7.755GiB	1.78%
2026-10-07T18:43:23Z	deskcommcrm-supabase-meta-1	110.6MiB / 7.755GiB	0.12%
2026-10-07T18:43:23Z	deskcommcrm-supabase-realtime-1	206.6MiB / 7.755GiB	0.89%
2026-10-07T18:43:23Z	deskcommcrm-supabase-auth-1	23.14MiB / 7.755GiB	0.04%
2026-10-07T18:43:23Z	deskcommcrm-supabase-supavisor-1	183.1MiB / 7.755GiB	0.31%
2026-10-07T18:43:23Z	deskcommcrm-supabase-rest-1	47.97MiB / 7.755GiB	2.17%
2026-10-07T18:43:23Z	deskcommcrm-supabase-db-1	285.7MiB / 7.755GiB	6.02%
2026-10-07T18:43:23Z	deskcommcrm-supabase-studio-1	214.4MiB / 7.755GiB	0.00%
2026-10-07T18:43:23Z	deskcommcrm-supabase-imgproxy-1	35.57MiB / 7.755GiB	4.60%
2026-10-07T18:43:23Z	coolify-proxy	66.84MiB / 7.755GiB	0.28%
2026-10-07T18:43:23Z	coolify-sentinel	9.254MiB / 7.755GiB	0.03%
2026-10-07T18:43:23Z	coolify	341.5MiB / 7.755GiB	0.32%
2026-10-07T18:43:23Z	coolify-db	34.97MiB / 7.755GiB	2.26%
2026-10-07T18:43:23Z	coolify-redis	10.01MiB / 7.755GiB	2.16%
2026-10-07T18:43:23Z	coolify-realtime	64MiB / 7.755GiB	0.31%
2026-10-07T18:43:30Z	deskcommcrm-scheduler-1	5.395MiB / 7.755GiB	0.00%
2026-10-07T18:43:30Z	deskcommcrm-app-1	258.5MiB / 768MiB	0.00%
2026-10-07T18:43:30Z	deskcommcrm-srh-1	67.62MiB / 7.755GiB	0.04%
2026-10-07T18:43:30Z	deskcommcrm-waha-1	292.9MiB / 1.25GiB	0.05%
2026-10-07T18:43:30Z	deskcommcrm-redis-1	3.238MiB / 7.755GiB	0.32%
2026-10-07T18:43:30Z	deskcommcrm-worker-1	227.3MiB / 512MiB	0.06%
2026-10-07T18:43:30Z	deskcommcrm-supabase-api-gw-1	31.46MiB / 7.755GiB	0.25%
2026-10-07T18:43:30Z	deskcommcrm-supabase-storage-1	112.9MiB / 7.755GiB	0.00%
2026-10-07T18:43:30Z	deskcommcrm-supabase-functions-1	26.74MiB / 7.755GiB	0.01%
2026-10-07T18:43:30Z	deskcommcrm-supabase-meta-1	110.6MiB / 7.755GiB	0.17%
2026-10-07T18:43:30Z	deskcommcrm-supabase-realtime-1	206.6MiB / 7.755GiB	0.51%
2026-10-07T18:43:30Z	deskcommcrm-supabase-auth-1	23.13MiB / 7.755GiB	1.81%
2026-10-07T18:43:30Z	deskcommcrm-supabase-supavisor-1	183.1MiB / 7.755GiB	0.36%
2026-10-07T18:43:30Z	deskcommcrm-supabase-rest-1	47.97MiB / 7.755GiB	0.04%
2026-10-07T18:43:30Z	deskcommcrm-supabase-db-1	289.4MiB / 7.755GiB	1.16%
2026-10-07T18:43:30Z	deskcommcrm-supabase-studio-1	214.5MiB / 7.755GiB	0.02%
2026-10-07T18:43:30Z	deskcommcrm-supabase-imgproxy-1	35.57MiB / 7.755GiB	0.00%
2026-10-07T18:43:30Z	coolify-proxy	66.84MiB / 7.755GiB	0.05%
2026-10-07T18:43:30Z	coolify-sentinel	9.258MiB / 7.755GiB	0.03%
2026-10-07T18:43:30Z	coolify	341.5MiB / 7.755GiB	0.38%
2026-10-07T18:43:30Z	coolify-db	34.97MiB / 7.755GiB	0.00%
2026-10-07T18:43:30Z	coolify-redis	10.01MiB / 7.755GiB	0.39%
2026-10-07T18:43:30Z	coolify-realtime	64.04MiB / 7.755GiB	0.34%
2026-10-07T18:43:37Z	deskcommcrm-scheduler-1	5.395MiB / 7.755GiB	0.00%
2026-10-07T18:43:37Z	deskcommcrm-app-1	258.5MiB / 768MiB	0.00%
2026-10-07T18:43:37Z	deskcommcrm-srh-1	67.62MiB / 7.755GiB	0.04%
2026-10-07T18:43:37Z	deskcommcrm-waha-1	292.9MiB / 1.25GiB	0.05%
2026-10-07T18:43:37Z	deskcommcrm-redis-1	3.238MiB / 7.755GiB	0.29%
2026-10-07T18:43:37Z	deskcommcrm-worker-1	227.4MiB / 512MiB	0.19%
2026-10-07T18:43:37Z	deskcommcrm-supabase-api-gw-1	31.46MiB / 7.755GiB	0.38%
2026-10-07T18:43:37Z	deskcommcrm-supabase-storage-1	112.9MiB / 7.755GiB	0.02%
2026-10-07T18:43:37Z	deskcommcrm-supabase-functions-1	26.74MiB / 7.755GiB	0.01%
2026-10-07T18:43:37Z	deskcommcrm-supabase-meta-1	110.6MiB / 7.755GiB	0.14%
2026-10-07T18:43:37Z	deskcommcrm-supabase-realtime-1	206.6MiB / 7.755GiB	0.26%
2026-10-07T18:43:37Z	deskcommcrm-supabase-auth-1	23.11MiB / 7.755GiB	0.04%
2026-10-07T18:43:37Z	deskcommcrm-supabase-supavisor-1	183.1MiB / 7.755GiB	0.31%
2026-10-07T18:43:37Z	deskcommcrm-supabase-rest-1	47.97MiB / 7.755GiB	2.31%
2026-10-07T18:43:37Z	deskcommcrm-supabase-db-1	286.2MiB / 7.755GiB	1.05%
2026-10-07T18:43:37Z	deskcommcrm-supabase-studio-1	214.5MiB / 7.755GiB	0.02%
2026-10-07T18:43:37Z	deskcommcrm-supabase-imgproxy-1	35.55MiB / 7.755GiB	0.00%
2026-10-07T18:43:37Z	coolify-proxy	66.84MiB / 7.755GiB	1.98%
2026-10-07T18:43:37Z	coolify-sentinel	9.258MiB / 7.755GiB	0.04%
2026-10-07T18:43:37Z	coolify	341.5MiB / 7.755GiB	0.26%
2026-10-07T18:43:37Z	coolify-db	34.97MiB / 7.755GiB	0.00%
2026-10-07T18:43:37Z	coolify-redis	10.01MiB / 7.755GiB	0.40%
2026-10-07T18:43:37Z	coolify-realtime	64.03MiB / 7.755GiB	0.31%
2026-10-07T18:43:44Z	deskcommcrm-scheduler-1	5.395MiB / 7.755GiB	0.00%
2026-10-07T18:43:44Z	deskcommcrm-app-1	259.8MiB / 768MiB	0.35%
2026-10-07T18:43:44Z	deskcommcrm-srh-1	67.62MiB / 7.755GiB	0.04%
2026-10-07T18:43:44Z	deskcommcrm-waha-1	293.1MiB / 1.25GiB	0.18%
2026-10-07T18:43:44Z	deskcommcrm-redis-1	3.238MiB / 7.755GiB	0.30%
2026-10-07T18:43:44Z	deskcommcrm-worker-1	227.4MiB / 512MiB	0.54%
2026-10-07T18:43:44Z	deskcommcrm-supabase-api-gw-1	31.46MiB / 7.755GiB	0.21%
2026-10-07T18:43:44Z	deskcommcrm-supabase-storage-1	115.5MiB / 7.755GiB	0.00%
2026-10-07T18:43:44Z	deskcommcrm-supabase-functions-1	26.74MiB / 7.755GiB	0.01%
2026-10-07T18:43:44Z	deskcommcrm-supabase-meta-1	110.6MiB / 7.755GiB	0.15%
2026-10-07T18:43:44Z	deskcommcrm-supabase-realtime-1	206.6MiB / 7.755GiB	0.33%
2026-10-07T18:43:44Z	deskcommcrm-supabase-auth-1	23.06MiB / 7.755GiB	0.00%
2026-10-07T18:43:44Z	deskcommcrm-supabase-supavisor-1	183.1MiB / 7.755GiB	0.24%
2026-10-07T18:43:44Z	deskcommcrm-supabase-rest-1	48.03MiB / 7.755GiB	0.06%
2026-10-07T18:43:44Z	deskcommcrm-supabase-db-1	289.4MiB / 7.755GiB	1.86%
2026-10-07T18:43:44Z	deskcommcrm-supabase-studio-1	214.6MiB / 7.755GiB	7.22%
2026-10-07T18:43:44Z	deskcommcrm-supabase-imgproxy-1	35.85MiB / 7.755GiB	0.59%
2026-10-07T18:43:44Z	coolify-proxy	66.85MiB / 7.755GiB	0.08%
2026-10-07T18:43:44Z	coolify-sentinel	9.258MiB / 7.755GiB	0.03%
2026-10-07T18:43:44Z	coolify	341.5MiB / 7.755GiB	3.61%
2026-10-07T18:43:44Z	coolify-db	34.97MiB / 7.755GiB	0.01%
2026-10-07T18:43:44Z	coolify-redis	10.01MiB / 7.755GiB	0.38%
2026-10-07T18:43:44Z	coolify-realtime	63.28MiB / 7.755GiB	2.24%
2026-10-07T18:43:51Z	deskcommcrm-scheduler-1	5.395MiB / 7.755GiB	0.00%
2026-10-07T18:43:51Z	deskcommcrm-app-1	260.3MiB / 768MiB	4.64%
2026-10-07T18:43:51Z	deskcommcrm-srh-1	67.62MiB / 7.755GiB	0.04%
2026-10-07T18:43:51Z	deskcommcrm-waha-1	293.1MiB / 1.25GiB	0.07%
2026-10-07T18:43:51Z	deskcommcrm-redis-1	3.238MiB / 7.755GiB	0.29%
2026-10-07T18:43:51Z	deskcommcrm-worker-1	227.4MiB / 512MiB	0.21%
2026-10-07T18:43:51Z	deskcommcrm-supabase-api-gw-1	31.71MiB / 7.755GiB	0.59%
2026-10-07T18:43:51Z	deskcommcrm-supabase-storage-1	115.5MiB / 7.755GiB	0.01%
2026-10-07T18:43:51Z	deskcommcrm-supabase-functions-1	26.74MiB / 7.755GiB	0.01%
2026-10-07T18:43:51Z	deskcommcrm-supabase-meta-1	110.6MiB / 7.755GiB	7.17%
2026-10-07T18:43:51Z	deskcommcrm-supabase-realtime-1	206.6MiB / 7.755GiB	0.40%
2026-10-07T18:43:51Z	deskcommcrm-supabase-auth-1	23.05MiB / 7.755GiB	0.01%
2026-10-07T18:43:51Z	deskcommcrm-supabase-supavisor-1	183.2MiB / 7.755GiB	0.56%
2026-10-07T18:43:51Z	deskcommcrm-supabase-rest-1	48.09MiB / 7.755GiB	0.86%
2026-10-07T18:43:51Z	deskcommcrm-supabase-db-1	293.1MiB / 7.755GiB	3.35%
2026-10-07T18:43:51Z	deskcommcrm-supabase-studio-1	214.6MiB / 7.755GiB	0.00%
2026-10-07T18:43:51Z	deskcommcrm-supabase-imgproxy-1	35.87MiB / 7.755GiB	0.00%
2026-10-07T18:43:51Z	coolify-proxy	66.86MiB / 7.755GiB	1.13%
2026-10-07T18:43:51Z	coolify-sentinel	9.258MiB / 7.755GiB	0.03%
2026-10-07T18:43:51Z	coolify	341.5MiB / 7.755GiB	0.24%
2026-10-07T18:43:51Z	coolify-db	34.97MiB / 7.755GiB	0.00%
2026-10-07T18:43:51Z	coolify-redis	9.996MiB / 7.755GiB	0.33%
2026-10-07T18:43:51Z	coolify-realtime	63.28MiB / 7.755GiB	0.29%
2026-10-07T18:43:58Z	deskcommcrm-scheduler-1	5.52MiB / 7.755GiB	2.86%
2026-10-07T18:43:58Z	deskcommcrm-app-1	260.4MiB / 768MiB	7.70%
2026-10-07T18:43:58Z	deskcommcrm-srh-1	67.62MiB / 7.755GiB	0.04%
2026-10-07T18:43:58Z	deskcommcrm-waha-1	293.1MiB / 1.25GiB	0.05%
2026-10-07T18:43:58Z	deskcommcrm-redis-1	3.238MiB / 7.755GiB	0.27%
2026-10-07T18:43:58Z	deskcommcrm-worker-1	227.4MiB / 512MiB	0.08%
2026-10-07T18:43:58Z	deskcommcrm-supabase-api-gw-1	31.48MiB / 7.755GiB	3.26%
2026-10-07T18:43:58Z	deskcommcrm-supabase-storage-1	115.5MiB / 7.755GiB	1.67%
2026-10-07T18:43:58Z	deskcommcrm-supabase-functions-1	26.74MiB / 7.755GiB	1.86%
2026-10-07T18:43:58Z	deskcommcrm-supabase-meta-1	110.6MiB / 7.755GiB	0.24%
2026-10-07T18:43:58Z	deskcommcrm-supabase-realtime-1	206.6MiB / 7.755GiB	0.76%
2026-10-07T18:43:58Z	deskcommcrm-supabase-auth-1	23.05MiB / 7.755GiB	0.02%
2026-10-07T18:43:58Z	deskcommcrm-supabase-supavisor-1	183.2MiB / 7.755GiB	0.49%
2026-10-07T18:43:58Z	deskcommcrm-supabase-rest-1	48.18MiB / 7.755GiB	3.40%
2026-10-07T18:43:58Z	deskcommcrm-supabase-db-1	298.3MiB / 7.755GiB	7.71%
2026-10-07T18:43:58Z	deskcommcrm-supabase-studio-1	214.6MiB / 7.755GiB	0.00%
2026-10-07T18:43:58Z	deskcommcrm-supabase-imgproxy-1	35.88MiB / 7.755GiB	4.96%
2026-10-07T18:43:58Z	coolify-proxy	66.88MiB / 7.755GiB	1.39%
2026-10-07T18:43:58Z	coolify-sentinel	9.227MiB / 7.755GiB	0.03%
2026-10-07T18:43:58Z	coolify	403.4MiB / 7.755GiB	121.56%
2026-10-07T18:43:58Z	coolify-db	36.87MiB / 7.755GiB	3.76%
2026-10-07T18:43:58Z	coolify-redis	10.03MiB / 7.755GiB	2.41%
2026-10-07T18:43:58Z	coolify-realtime	63.28MiB / 7.755GiB	0.31%
2026-10-07T18:44:05Z	deskcommcrm-scheduler-1	5.516MiB / 7.755GiB	0.00%
2026-10-07T18:44:05Z	deskcommcrm-app-1	260.2MiB / 768MiB	0.00%
2026-10-07T18:44:05Z	deskcommcrm-srh-1	67.62MiB / 7.755GiB	0.04%
2026-10-07T18:44:05Z	deskcommcrm-waha-1	293.1MiB / 1.25GiB	0.06%
2026-10-07T18:44:05Z	deskcommcrm-redis-1	3.238MiB / 7.755GiB	0.28%
2026-10-07T18:44:05Z	deskcommcrm-worker-1	227.5MiB / 512MiB	0.16%
2026-10-07T18:44:05Z	deskcommcrm-supabase-api-gw-1	31.48MiB / 7.755GiB	0.26%
2026-10-07T18:44:05Z	deskcommcrm-supabase-storage-1	115.5MiB / 7.755GiB	0.01%
2026-10-07T18:44:05Z	deskcommcrm-supabase-functions-1	26.74MiB / 7.755GiB	0.01%
2026-10-07T18:44:05Z	deskcommcrm-supabase-meta-1	110.6MiB / 7.755GiB	0.17%
2026-10-07T18:44:05Z	deskcommcrm-supabase-realtime-1	206.6MiB / 7.755GiB	0.56%
2026-10-07T18:44:05Z	deskcommcrm-supabase-auth-1	23.05MiB / 7.755GiB	1.78%
2026-10-07T18:44:05Z	deskcommcrm-supabase-supavisor-1	183.2MiB / 7.755GiB	0.73%
2026-10-07T18:44:05Z	deskcommcrm-supabase-rest-1	48.09MiB / 7.755GiB	0.06%
2026-10-07T18:44:05Z	deskcommcrm-supabase-db-1	299.8MiB / 7.755GiB	1.20%
2026-10-07T18:44:05Z	deskcommcrm-supabase-studio-1	214.7MiB / 7.755GiB	0.02%
2026-10-07T18:44:05Z	deskcommcrm-supabase-imgproxy-1	35.86MiB / 7.755GiB	0.00%
2026-10-07T18:44:05Z	coolify-proxy	66.91MiB / 7.755GiB	0.07%
2026-10-07T18:44:05Z	coolify-sentinel	9.328MiB / 7.755GiB	1.99%
2026-10-07T18:44:05Z	coolify	340.7MiB / 7.755GiB	0.23%
2026-10-07T18:44:05Z	coolify-db	34.66MiB / 7.755GiB	0.02%
2026-10-07T18:44:05Z	coolify-redis	10.01MiB / 7.755GiB	0.32%
2026-10-07T18:44:05Z	coolify-realtime	63.28MiB / 7.755GiB	0.30%
2026-10-07T18:44:13Z	deskcommcrm-scheduler-1	5.395MiB / 7.755GiB	0.00%
2026-10-07T18:44:13Z	deskcommcrm-app-1	260.1MiB / 768MiB	0.00%
2026-10-07T18:44:13Z	deskcommcrm-srh-1	67.62MiB / 7.755GiB	0.04%
2026-10-07T18:44:13Z	deskcommcrm-waha-1	293.1MiB / 1.25GiB	0.16%
2026-10-07T18:44:13Z	deskcommcrm-redis-1	3.238MiB / 7.755GiB	2.05%
2026-10-07T18:44:13Z	deskcommcrm-worker-1	227.5MiB / 512MiB	0.91%
2026-10-07T18:44:13Z	deskcommcrm-supabase-api-gw-1	31.48MiB / 7.755GiB	0.50%
2026-10-07T18:44:13Z	deskcommcrm-supabase-storage-1	115.5MiB / 7.755GiB	1.60%
2026-10-07T18:44:13Z	deskcommcrm-supabase-functions-1	26.97MiB / 7.755GiB	1.86%
2026-10-07T18:44:13Z	deskcommcrm-supabase-meta-1	110.6MiB / 7.755GiB	0.15%
2026-10-07T18:44:13Z	deskcommcrm-supabase-realtime-1	206.6MiB / 7.755GiB	0.52%
2026-10-07T18:44:13Z	deskcommcrm-supabase-auth-1	23.05MiB / 7.755GiB	0.04%
2026-10-07T18:44:13Z	deskcommcrm-supabase-supavisor-1	183.2MiB / 7.755GiB	0.20%
2026-10-07T18:44:13Z	deskcommcrm-supabase-rest-1	47.98MiB / 7.755GiB	4.26%
2026-10-07T18:44:13Z	deskcommcrm-supabase-db-1	302.5MiB / 7.755GiB	2.53%
2026-10-07T18:44:13Z	deskcommcrm-supabase-studio-1	214.8MiB / 7.755GiB	0.00%
2026-10-07T18:44:13Z	deskcommcrm-supabase-imgproxy-1	35.88MiB / 7.755GiB	0.00%
2026-10-07T18:44:13Z	coolify-proxy	67.02MiB / 7.755GiB	2.01%
2026-10-07T18:44:13Z	coolify-sentinel	9.32MiB / 7.755GiB	0.02%
2026-10-07T18:44:13Z	coolify	340.7MiB / 7.755GiB	0.23%
2026-10-07T18:44:13Z	coolify-db	34.66MiB / 7.755GiB	0.40%
2026-10-07T18:44:13Z	coolify-redis	10.01MiB / 7.755GiB	1.99%
2026-10-07T18:44:13Z	coolify-realtime	63.28MiB / 7.755GiB	0.40%
2026-10-07T18:44:20Z	deskcommcrm-scheduler-1	5.395MiB / 7.755GiB	0.00%
2026-10-07T18:44:20Z	deskcommcrm-app-1	260.1MiB / 768MiB	0.00%
2026-10-07T18:44:20Z	deskcommcrm-srh-1	67.62MiB / 7.755GiB	0.04%
2026-10-07T18:44:20Z	deskcommcrm-waha-1	293.1MiB / 1.25GiB	0.05%
2026-10-07T18:44:20Z	deskcommcrm-redis-1	3.238MiB / 7.755GiB	0.25%
2026-10-07T18:44:20Z	deskcommcrm-worker-1	227.6MiB / 512MiB	0.32%
2026-10-07T18:44:20Z	deskcommcrm-supabase-api-gw-1	31.48MiB / 7.755GiB	0.24%
2026-10-07T18:44:20Z	deskcommcrm-supabase-storage-1	115.6MiB / 7.755GiB	0.00%
2026-10-07T18:44:20Z	deskcommcrm-supabase-functions-1	26.74MiB / 7.755GiB	0.01%
2026-10-07T18:44:20Z	deskcommcrm-supabase-meta-1	110.6MiB / 7.755GiB	0.16%
2026-10-07T18:44:20Z	deskcommcrm-supabase-realtime-1	206.6MiB / 7.755GiB	1.16%
2026-10-07T18:44:20Z	deskcommcrm-supabase-auth-1	23.05MiB / 7.755GiB	0.00%
2026-10-07T18:44:20Z	deskcommcrm-supabase-supavisor-1	183.2MiB / 7.755GiB	0.39%
2026-10-07T18:44:20Z	deskcommcrm-supabase-rest-1	48.19MiB / 7.755GiB	0.04%
2026-10-07T18:44:20Z	deskcommcrm-supabase-db-1	302.7MiB / 7.755GiB	1.37%
2026-10-07T18:44:20Z	deskcommcrm-supabase-studio-1	214.8MiB / 7.755GiB	7.45%
2026-10-07T18:44:20Z	deskcommcrm-supabase-imgproxy-1	35.88MiB / 7.755GiB	0.00%
2026-10-07T18:44:20Z	coolify-proxy	62.77MiB / 7.755GiB	0.09%
2026-10-07T18:44:20Z	coolify-sentinel	9.285MiB / 7.755GiB	0.03%
2026-10-07T18:44:20Z	coolify	340.7MiB / 7.755GiB	3.80%
2026-10-07T18:44:20Z	coolify-db	34.66MiB / 7.755GiB	0.00%
2026-10-07T18:44:20Z	coolify-redis	10.01MiB / 7.755GiB	0.38%
2026-10-07T18:44:20Z	coolify-realtime	63.29MiB / 7.755GiB	0.37%
2026-10-07T18:44:27Z	deskcommcrm-scheduler-1	5.398MiB / 7.755GiB	0.00%
2026-10-07T18:44:27Z	deskcommcrm-app-1	260.4MiB / 768MiB	0.00%
2026-10-07T18:44:27Z	deskcommcrm-srh-1	67.62MiB / 7.755GiB	0.04%
2026-10-07T18:44:27Z	deskcommcrm-waha-1	293.2MiB / 1.25GiB	0.05%
2026-10-07T18:44:27Z	deskcommcrm-redis-1	3.238MiB / 7.755GiB	0.26%
2026-10-07T18:44:27Z	deskcommcrm-worker-1	227.5MiB / 512MiB	0.25%
2026-10-07T18:44:27Z	deskcommcrm-supabase-api-gw-1	31.48MiB / 7.755GiB	0.18%
2026-10-07T18:44:27Z	deskcommcrm-supabase-storage-1	115.6MiB / 7.755GiB	0.01%
2026-10-07T18:44:27Z	deskcommcrm-supabase-functions-1	26.74MiB / 7.755GiB	0.01%
2026-10-07T18:44:27Z	deskcommcrm-supabase-meta-1	110.6MiB / 7.755GiB	6.80%
2026-10-07T18:44:27Z	deskcommcrm-supabase-realtime-1	206.6MiB / 7.755GiB	0.33%
2026-10-07T18:44:27Z	deskcommcrm-supabase-auth-1	23.05MiB / 7.755GiB	0.00%
2026-10-07T18:44:27Z	deskcommcrm-supabase-supavisor-1	183.2MiB / 7.755GiB	0.26%
2026-10-07T18:44:27Z	deskcommcrm-supabase-rest-1	48.28MiB / 7.755GiB	0.03%
2026-10-07T18:44:27Z	deskcommcrm-supabase-db-1	309.9MiB / 7.755GiB	0.98%
2026-10-07T18:44:27Z	deskcommcrm-supabase-studio-1	214.9MiB / 7.755GiB	0.00%
2026-10-07T18:44:27Z	deskcommcrm-supabase-imgproxy-1	35.86MiB / 7.755GiB	0.00%
2026-10-07T18:44:27Z	coolify-proxy	62.88MiB / 7.755GiB	0.07%
2026-10-07T18:44:27Z	coolify-sentinel	9.285MiB / 7.755GiB	0.02%
2026-10-07T18:44:27Z	coolify	340.7MiB / 7.755GiB	0.21%
2026-10-07T18:44:27Z	coolify-db	34.66MiB / 7.755GiB	0.00%
2026-10-07T18:44:27Z	coolify-redis	10.01MiB / 7.755GiB	0.30%
2026-10-07T18:44:27Z	coolify-realtime	63.28MiB / 7.755GiB	0.31%
2026-10-07T18:44:34Z	deskcommcrm-scheduler-1	5.398MiB / 7.755GiB	0.00%
2026-10-07T18:44:34Z	deskcommcrm-app-1	260.3MiB / 768MiB	0.00%
2026-10-07T18:44:34Z	deskcommcrm-srh-1	67.62MiB / 7.755GiB	0.04%
2026-10-07T18:44:34Z	deskcommcrm-waha-1	293.1MiB / 1.25GiB	0.05%
2026-10-07T18:44:34Z	deskcommcrm-redis-1	3.238MiB / 7.755GiB	0.26%
2026-10-07T18:44:34Z	deskcommcrm-worker-1	227.6MiB / 512MiB	0.09%
2026-10-07T18:44:34Z	deskcommcrm-supabase-api-gw-1	31.48MiB / 7.755GiB	0.26%
2026-10-07T18:44:34Z	deskcommcrm-supabase-storage-1	115.6MiB / 7.755GiB	0.01%
2026-10-07T18:44:34Z	deskcommcrm-supabase-functions-1	26.74MiB / 7.755GiB	0.01%
2026-10-07T18:44:34Z	deskcommcrm-supabase-meta-1	110.6MiB / 7.755GiB	0.14%
2026-10-07T18:44:34Z	deskcommcrm-supabase-realtime-1	206.6MiB / 7.755GiB	0.45%
2026-10-07T18:44:34Z	deskcommcrm-supabase-auth-1	23.06MiB / 7.755GiB	0.00%
2026-10-07T18:44:34Z	deskcommcrm-supabase-supavisor-1	183.2MiB / 7.755GiB	0.36%
2026-10-07T18:44:34Z	deskcommcrm-supabase-rest-1	48.2MiB / 7.755GiB	0.12%
2026-10-07T18:44:34Z	deskcommcrm-supabase-db-1	306MiB / 7.755GiB	1.13%
2026-10-07T18:44:34Z	deskcommcrm-supabase-studio-1	214.9MiB / 7.755GiB	0.00%
2026-10-07T18:44:34Z	deskcommcrm-supabase-imgproxy-1	35.88MiB / 7.755GiB	5.28%
2026-10-07T18:44:34Z	coolify-proxy	62.88MiB / 7.755GiB	0.09%
2026-10-07T18:44:34Z	coolify-sentinel	9.285MiB / 7.755GiB	0.02%
2026-10-07T18:44:34Z	coolify	340.7MiB / 7.755GiB	0.38%
2026-10-07T18:44:34Z	coolify-db	34.67MiB / 7.755GiB	2.28%
2026-10-07T18:44:34Z	coolify-redis	10.02MiB / 7.755GiB	0.33%
2026-10-07T18:44:34Z	coolify-realtime	63.29MiB / 7.755GiB	2.36%
2026-10-07T18:44:41Z	deskcommcrm-scheduler-1	5.398MiB / 7.755GiB	0.00%
2026-10-07T18:44:41Z	deskcommcrm-app-1	260.3MiB / 768MiB	0.01%
2026-10-07T18:44:41Z	deskcommcrm-srh-1	67.62MiB / 7.755GiB	0.15%
2026-10-07T18:44:41Z	deskcommcrm-waha-1	293.1MiB / 1.25GiB	0.06%
2026-10-07T18:44:41Z	deskcommcrm-redis-1	3.238MiB / 7.755GiB	0.25%
2026-10-07T18:44:41Z	deskcommcrm-worker-1	227.6MiB / 512MiB	0.15%
2026-10-07T18:44:41Z	deskcommcrm-supabase-api-gw-1	31.48MiB / 7.755GiB	0.17%
2026-10-07T18:44:41Z	deskcommcrm-supabase-storage-1	115.6MiB / 7.755GiB	0.01%
2026-10-07T18:44:41Z	deskcommcrm-supabase-functions-1	26.74MiB / 7.755GiB	0.00%
2026-10-07T18:44:41Z	deskcommcrm-supabase-meta-1	110.6MiB / 7.755GiB	0.12%
2026-10-07T18:44:41Z	deskcommcrm-supabase-realtime-1	206.6MiB / 7.755GiB	0.27%
2026-10-07T18:44:41Z	deskcommcrm-supabase-auth-1	23.05MiB / 7.755GiB	1.68%
2026-10-07T18:44:41Z	deskcommcrm-supabase-supavisor-1	183.2MiB / 7.755GiB	3.09%
2026-10-07T18:44:41Z	deskcommcrm-supabase-rest-1	48.2MiB / 7.755GiB	0.03%
2026-10-07T18:44:41Z	deskcommcrm-supabase-db-1	306.6MiB / 7.755GiB	1.22%
2026-10-07T18:44:41Z	deskcommcrm-supabase-studio-1	215MiB / 7.755GiB	0.01%
2026-10-07T18:44:41Z	deskcommcrm-supabase-imgproxy-1	36MiB / 7.755GiB	0.00%
2026-10-07T18:44:41Z	coolify-proxy	62.88MiB / 7.755GiB	1.78%
2026-10-07T18:44:41Z	coolify-sentinel	9.242MiB / 7.755GiB	0.03%
2026-10-07T18:44:41Z	coolify	340.7MiB / 7.755GiB	0.31%
2026-10-07T18:44:41Z	coolify-db	34.66MiB / 7.755GiB	0.00%
2026-10-07T18:44:41Z	coolify-redis	10.01MiB / 7.755GiB	0.32%
2026-10-07T18:44:41Z	coolify-realtime	63.29MiB / 7.755GiB	0.43%
2026-10-07T18:44:48Z	deskcommcrm-scheduler-1	5.398MiB / 7.755GiB	0.00%
2026-10-07T18:44:48Z	deskcommcrm-app-1	260.3MiB / 768MiB	0.00%
2026-10-07T18:44:48Z	deskcommcrm-srh-1	67.62MiB / 7.755GiB	0.04%
2026-10-07T18:44:48Z	deskcommcrm-waha-1	293.1MiB / 1.25GiB	0.07%
2026-10-07T18:44:48Z	deskcommcrm-redis-1	3.238MiB / 7.755GiB	0.31%
2026-10-07T18:44:48Z	deskcommcrm-worker-1	227.6MiB / 512MiB	1.94%
2026-10-07T18:44:48Z	deskcommcrm-supabase-api-gw-1	31.47MiB / 7.755GiB	0.33%
2026-10-07T18:44:48Z	deskcommcrm-supabase-storage-1	115.6MiB / 7.755GiB	1.89%
2026-10-07T18:44:48Z	deskcommcrm-supabase-functions-1	26.74MiB / 7.755GiB	2.01%
2026-10-07T18:44:48Z	deskcommcrm-supabase-meta-1	110.6MiB / 7.755GiB	0.17%
2026-10-07T18:44:48Z	deskcommcrm-supabase-realtime-1	206.6MiB / 7.755GiB	1.29%
2026-10-07T18:44:48Z	deskcommcrm-supabase-auth-1	21.54MiB / 7.755GiB	0.02%
2026-10-07T18:44:48Z	deskcommcrm-supabase-supavisor-1	183.2MiB / 7.755GiB	0.31%
2026-10-07T18:44:48Z	deskcommcrm-supabase-rest-1	48.19MiB / 7.755GiB	4.60%
2026-10-07T18:44:48Z	deskcommcrm-supabase-db-1	310MiB / 7.755GiB	1.05%
2026-10-07T18:44:48Z	deskcommcrm-supabase-studio-1	215MiB / 7.755GiB	0.00%
2026-10-07T18:44:48Z	deskcommcrm-supabase-imgproxy-1	35.98MiB / 7.755GiB	0.00%
2026-10-07T18:44:48Z	coolify-proxy	62.89MiB / 7.755GiB	0.30%
2026-10-07T18:44:48Z	coolify-sentinel	9.266MiB / 7.755GiB	0.03%
2026-10-07T18:44:48Z	coolify	340.7MiB / 7.755GiB	0.25%
2026-10-07T18:44:48Z	coolify-db	34.66MiB / 7.755GiB	2.21%
2026-10-07T18:44:48Z	coolify-redis	10.01MiB / 7.755GiB	2.25%
2026-10-07T18:44:48Z	coolify-realtime	63.28MiB / 7.755GiB	2.08%
2026-10-07T18:44:55Z	deskcommcrm-scheduler-1	5.398MiB / 7.755GiB	0.00%
2026-10-07T18:44:55Z	deskcommcrm-app-1	260.5MiB / 768MiB	0.00%
2026-10-07T18:44:55Z	deskcommcrm-srh-1	67.62MiB / 7.755GiB	0.07%
2026-10-07T18:44:55Z	deskcommcrm-waha-1	293.1MiB / 1.25GiB	0.05%
2026-10-07T18:44:55Z	deskcommcrm-redis-1	3.238MiB / 7.755GiB	0.28%
2026-10-07T18:44:55Z	deskcommcrm-worker-1	227.7MiB / 512MiB	1.55%
2026-10-07T18:44:55Z	deskcommcrm-supabase-api-gw-1	31.47MiB / 7.755GiB	0.44%
2026-10-07T18:44:55Z	deskcommcrm-supabase-storage-1	115.6MiB / 7.755GiB	0.00%
2026-10-07T18:44:55Z	deskcommcrm-supabase-functions-1	26.74MiB / 7.755GiB	0.01%
2026-10-07T18:44:55Z	deskcommcrm-supabase-meta-1	110.6MiB / 7.755GiB	0.21%
2026-10-07T18:44:55Z	deskcommcrm-supabase-realtime-1	206.6MiB / 7.755GiB	0.48%
2026-10-07T18:44:55Z	deskcommcrm-supabase-auth-1	21.54MiB / 7.755GiB	1.72%
2026-10-07T18:44:55Z	deskcommcrm-supabase-supavisor-1	183.2MiB / 7.755GiB	0.43%
2026-10-07T18:44:55Z	deskcommcrm-supabase-rest-1	48.23MiB / 7.755GiB	0.31%
2026-10-07T18:44:55Z	deskcommcrm-supabase-db-1	311.7MiB / 7.755GiB	1.23%
2026-10-07T18:44:55Z	deskcommcrm-supabase-studio-1	215.1MiB / 7.755GiB	7.84%
2026-10-07T18:44:55Z	deskcommcrm-supabase-imgproxy-1	35.98MiB / 7.755GiB	5.72%
2026-10-07T18:44:55Z	coolify-proxy	62.9MiB / 7.755GiB	0.44%
2026-10-07T18:44:55Z	coolify-sentinel	9.27MiB / 7.755GiB	2.11%
2026-10-07T18:44:55Z	coolify	340.7MiB / 7.755GiB	3.74%
2026-10-07T18:44:55Z	coolify-db	34.66MiB / 7.755GiB	0.00%
2026-10-07T18:44:55Z	coolify-redis	10.01MiB / 7.755GiB	0.39%
2026-10-07T18:44:55Z	coolify-realtime	63.28MiB / 7.755GiB	0.35%
2026-10-07T18:45:02Z	deskcommcrm-scheduler-1	5.684MiB / 7.755GiB	0.00%
2026-10-07T18:45:02Z	deskcommcrm-app-1	263.6MiB / 768MiB	1.20%
2026-10-07T18:45:02Z	deskcommcrm-srh-1	67.62MiB / 7.755GiB	0.04%
2026-10-07T18:45:02Z	deskcommcrm-waha-1	293.2MiB / 1.25GiB	0.12%
2026-10-07T18:45:02Z	deskcommcrm-redis-1	3.238MiB / 7.755GiB	0.31%
2026-10-07T18:45:02Z	deskcommcrm-worker-1	227.7MiB / 512MiB	0.18%
2026-10-07T18:45:02Z	deskcommcrm-supabase-api-gw-1	31.48MiB / 7.755GiB	0.38%
2026-10-07T18:45:02Z	deskcommcrm-supabase-storage-1	115.6MiB / 7.755GiB	0.01%
2026-10-07T18:45:02Z	deskcommcrm-supabase-functions-1	26.74MiB / 7.755GiB	0.01%
2026-10-07T18:45:02Z	deskcommcrm-supabase-meta-1	110.6MiB / 7.755GiB	7.86%
2026-10-07T18:45:02Z	deskcommcrm-supabase-realtime-1	206.6MiB / 7.755GiB	0.49%
2026-10-07T18:45:02Z	deskcommcrm-supabase-auth-1	21.54MiB / 7.755GiB	0.00%
2026-10-07T18:45:02Z	deskcommcrm-supabase-supavisor-1	183.2MiB / 7.755GiB	0.47%
2026-10-07T18:45:02Z	deskcommcrm-supabase-rest-1	48.29MiB / 7.755GiB	0.23%
2026-10-07T18:45:02Z	deskcommcrm-supabase-db-1	311.1MiB / 7.755GiB	1.25%
2026-10-07T18:45:02Z	deskcommcrm-supabase-studio-1	215.1MiB / 7.755GiB	0.01%
2026-10-07T18:45:02Z	deskcommcrm-supabase-imgproxy-1	36MiB / 7.755GiB	0.00%
2026-10-07T18:45:02Z	coolify-proxy	62.91MiB / 7.755GiB	2.69%
2026-10-07T18:45:02Z	coolify-sentinel	9.27MiB / 7.755GiB	0.03%
2026-10-07T18:45:02Z	coolify	341.5MiB / 7.755GiB	0.39%
2026-10-07T18:45:02Z	coolify-db	34.97MiB / 7.755GiB	0.00%
2026-10-07T18:45:02Z	coolify-redis	10.01MiB / 7.755GiB	0.42%
2026-10-07T18:45:02Z	coolify-realtime	63.27MiB / 7.755GiB	0.35%
2026-10-07T18:45:10Z	deskcommcrm-scheduler-1	5.398MiB / 7.755GiB	0.00%
2026-10-07T18:45:10Z	deskcommcrm-app-1	263.2MiB / 768MiB	0.00%
2026-10-07T18:45:10Z	deskcommcrm-srh-1	67.62MiB / 7.755GiB	0.04%
2026-10-07T18:45:10Z	deskcommcrm-waha-1	293.2MiB / 1.25GiB	0.04%
2026-10-07T18:45:10Z	deskcommcrm-redis-1	3.238MiB / 7.755GiB	0.31%
2026-10-07T18:45:10Z	deskcommcrm-worker-1	227.7MiB / 512MiB	0.29%
2026-10-07T18:45:10Z	deskcommcrm-supabase-api-gw-1	31.48MiB / 7.755GiB	0.28%
2026-10-07T18:45:10Z	deskcommcrm-supabase-storage-1	115.6MiB / 7.755GiB	0.00%
2026-10-07T18:45:10Z	deskcommcrm-supabase-functions-1	26.74MiB / 7.755GiB	0.01%
2026-10-07T18:45:10Z	deskcommcrm-supabase-meta-1	110.6MiB / 7.755GiB	0.18%
2026-10-07T18:45:10Z	deskcommcrm-supabase-realtime-1	206.6MiB / 7.755GiB	0.36%
2026-10-07T18:45:10Z	deskcommcrm-supabase-auth-1	21.54MiB / 7.755GiB	0.00%
2026-10-07T18:45:10Z	deskcommcrm-supabase-supavisor-1	183.2MiB / 7.755GiB	0.14%
2026-10-07T18:45:10Z	deskcommcrm-supabase-rest-1	48.99MiB / 7.755GiB	0.05%
2026-10-07T18:45:10Z	deskcommcrm-supabase-db-1	311MiB / 7.755GiB	1.62%
2026-10-07T18:45:10Z	deskcommcrm-supabase-studio-1	215.1MiB / 7.755GiB	0.00%
2026-10-07T18:45:10Z	deskcommcrm-supabase-imgproxy-1	36.01MiB / 7.755GiB	3.36%
2026-10-07T18:45:10Z	coolify-proxy	62.89MiB / 7.755GiB	2.01%
2026-10-07T18:45:10Z	coolify-sentinel	9.336MiB / 7.755GiB	0.03%
2026-10-07T18:45:10Z	coolify	341.5MiB / 7.755GiB	0.23%
2026-10-07T18:45:10Z	coolify-db	34.97MiB / 7.755GiB	0.01%
2026-10-07T18:45:10Z	coolify-redis	9.996MiB / 7.755GiB	0.35%
2026-10-07T18:45:10Z	coolify-realtime	63.28MiB / 7.755GiB	0.34%
2026-10-07T18:45:17Z	deskcommcrm-scheduler-1	5.398MiB / 7.755GiB	0.00%
2026-10-07T18:45:17Z	deskcommcrm-app-1	263.2MiB / 768MiB	0.00%
2026-10-07T18:45:17Z	deskcommcrm-srh-1	67.62MiB / 7.755GiB	0.04%
2026-10-07T18:45:17Z	deskcommcrm-waha-1	293.2MiB / 1.25GiB	0.05%
2026-10-07T18:45:17Z	deskcommcrm-redis-1	3.238MiB / 7.755GiB	0.28%
2026-10-07T18:45:17Z	deskcommcrm-worker-1	227.8MiB / 512MiB	0.06%
2026-10-07T18:45:17Z	deskcommcrm-supabase-api-gw-1	31.48MiB / 7.755GiB	0.24%
2026-10-07T18:45:17Z	deskcommcrm-supabase-storage-1	117.7MiB / 7.755GiB	0.03%
2026-10-07T18:45:17Z	deskcommcrm-supabase-functions-1	26.74MiB / 7.755GiB	0.01%
2026-10-07T18:45:17Z	deskcommcrm-supabase-meta-1	110.6MiB / 7.755GiB	0.17%
2026-10-07T18:45:17Z	deskcommcrm-supabase-realtime-1	206.6MiB / 7.755GiB	0.33%
2026-10-07T18:45:17Z	deskcommcrm-supabase-auth-1	21.54MiB / 7.755GiB	0.00%
2026-10-07T18:45:17Z	deskcommcrm-supabase-supavisor-1	183.4MiB / 7.755GiB	0.15%
2026-10-07T18:45:17Z	deskcommcrm-supabase-rest-1	49.01MiB / 7.755GiB	0.08%
2026-10-07T18:45:17Z	deskcommcrm-supabase-db-1	312.9MiB / 7.755GiB	1.14%
2026-10-07T18:45:17Z	deskcommcrm-supabase-studio-1	215.2MiB / 7.755GiB	0.00%
2026-10-07T18:45:17Z	deskcommcrm-supabase-imgproxy-1	36.04MiB / 7.755GiB	0.00%
2026-10-07T18:45:17Z	coolify-proxy	53.94MiB / 7.755GiB	0.00%
2026-10-07T18:45:17Z	coolify-sentinel	9.301MiB / 7.755GiB	0.02%
2026-10-07T18:45:17Z	coolify	341.5MiB / 7.755GiB	0.30%
2026-10-07T18:45:17Z	coolify-db	34.98MiB / 7.755GiB	0.00%
2026-10-07T18:45:17Z	coolify-redis	9.996MiB / 7.755GiB	0.33%
2026-10-07T18:45:17Z	coolify-realtime	63.28MiB / 7.755GiB	0.29%
2026-10-07T18:45:24Z	deskcommcrm-scheduler-1	5.398MiB / 7.755GiB	0.00%
2026-10-07T18:45:24Z	deskcommcrm-app-1	263.4MiB / 768MiB	8.35%
2026-10-07T18:45:24Z	deskcommcrm-srh-1	67.62MiB / 7.755GiB	0.04%
2026-10-07T18:45:24Z	deskcommcrm-waha-1	293.2MiB / 1.25GiB	0.04%
2026-10-07T18:45:24Z	deskcommcrm-redis-1	3.238MiB / 7.755GiB	0.29%
2026-10-07T18:45:24Z	deskcommcrm-worker-1	227.8MiB / 512MiB	0.24%
2026-10-07T18:45:24Z	deskcommcrm-supabase-api-gw-1	31.48MiB / 7.755GiB	2.55%
2026-10-07T18:45:24Z	deskcommcrm-supabase-storage-1	117.7MiB / 7.755GiB	1.88%
2026-10-07T18:45:24Z	deskcommcrm-supabase-functions-1	26.74MiB / 7.755GiB	1.84%
2026-10-07T18:45:24Z	deskcommcrm-supabase-meta-1	110.6MiB / 7.755GiB	0.15%
2026-10-07T18:45:24Z	deskcommcrm-supabase-realtime-1	206.7MiB / 7.755GiB	0.88%
2026-10-07T18:45:24Z	deskcommcrm-supabase-auth-1	21.54MiB / 7.755GiB	0.01%
2026-10-07T18:45:24Z	deskcommcrm-supabase-supavisor-1	183.4MiB / 7.755GiB	0.25%
2026-10-07T18:45:24Z	deskcommcrm-supabase-rest-1	49.3MiB / 7.755GiB	5.75%
2026-10-07T18:45:24Z	deskcommcrm-supabase-db-1	318.7MiB / 7.755GiB	10.95%
2026-10-07T18:45:24Z	deskcommcrm-supabase-studio-1	215.3MiB / 7.755GiB	0.00%
2026-10-07T18:45:24Z	deskcommcrm-supabase-imgproxy-1	36.06MiB / 7.755GiB	5.19%
2026-10-07T18:45:24Z	coolify-proxy	53.94MiB / 7.755GiB	2.42%
2026-10-07T18:45:24Z	coolify-sentinel	9.301MiB / 7.755GiB	0.02%
2026-10-07T18:45:24Z	coolify	341.5MiB / 7.755GiB	0.22%
2026-10-07T18:45:24Z	coolify-db	34.98MiB / 7.755GiB	2.02%
2026-10-07T18:45:24Z	coolify-redis	9.996MiB / 7.755GiB	2.06%
2026-10-07T18:45:24Z	coolify-realtime	63.28MiB / 7.755GiB	0.27%
2026-10-07T18:45:31Z	deskcommcrm-scheduler-1	5.398MiB / 7.755GiB	0.00%
2026-10-07T18:45:31Z	deskcommcrm-app-1	263.3MiB / 768MiB	0.00%
2026-10-07T18:45:31Z	deskcommcrm-srh-1	67.62MiB / 7.755GiB	0.04%
2026-10-07T18:45:31Z	deskcommcrm-waha-1	293.2MiB / 1.25GiB	0.05%
2026-10-07T18:45:31Z	deskcommcrm-redis-1	3.238MiB / 7.755GiB	0.27%
2026-10-07T18:45:31Z	deskcommcrm-worker-1	227.9MiB / 512MiB	0.15%
2026-10-07T18:45:31Z	deskcommcrm-supabase-api-gw-1	31.47MiB / 7.755GiB	0.23%
2026-10-07T18:45:31Z	deskcommcrm-supabase-storage-1	117.7MiB / 7.755GiB	0.01%
2026-10-07T18:45:31Z	deskcommcrm-supabase-functions-1	26.74MiB / 7.755GiB	0.01%
2026-10-07T18:45:31Z	deskcommcrm-supabase-meta-1	110.6MiB / 7.755GiB	0.12%
2026-10-07T18:45:31Z	deskcommcrm-supabase-realtime-1	206.7MiB / 7.755GiB	0.37%
2026-10-07T18:45:31Z	deskcommcrm-supabase-auth-1	21.54MiB / 7.755GiB	1.63%
2026-10-07T18:45:31Z	deskcommcrm-supabase-supavisor-1	183.4MiB / 7.755GiB	3.22%
2026-10-07T18:45:31Z	deskcommcrm-supabase-rest-1	49.07MiB / 7.755GiB	0.03%
2026-10-07T18:45:31Z	deskcommcrm-supabase-db-1	318.7MiB / 7.755GiB	1.13%
2026-10-07T18:45:31Z	deskcommcrm-supabase-studio-1	215.3MiB / 7.755GiB	7.31%
2026-10-07T18:45:31Z	deskcommcrm-supabase-imgproxy-1	36.28MiB / 7.755GiB	0.00%
2026-10-07T18:45:31Z	coolify-proxy	53.93MiB / 7.755GiB	0.14%
2026-10-07T18:45:31Z	coolify-sentinel	9.305MiB / 7.755GiB	0.03%
2026-10-07T18:45:31Z	coolify	341.5MiB / 7.755GiB	3.38%
2026-10-07T18:45:31Z	coolify-db	34.97MiB / 7.755GiB	0.00%
2026-10-07T18:45:31Z	coolify-redis	9.996MiB / 7.755GiB	0.34%
2026-10-07T18:45:31Z	coolify-realtime	63.29MiB / 7.755GiB	0.35%
2026-10-07T18:45:38Z	deskcommcrm-scheduler-1	5.398MiB / 7.755GiB	0.00%
2026-10-07T18:45:38Z	deskcommcrm-app-1	263.3MiB / 768MiB	0.00%
2026-10-07T18:45:38Z	deskcommcrm-srh-1	67.62MiB / 7.755GiB	0.04%
2026-10-07T18:45:38Z	deskcommcrm-waha-1	293.2MiB / 1.25GiB	0.04%
2026-10-07T18:45:38Z	deskcommcrm-redis-1	3.238MiB / 7.755GiB	0.29%
2026-10-07T18:45:38Z	deskcommcrm-worker-1	228MiB / 512MiB	0.16%
2026-10-07T18:45:38Z	deskcommcrm-supabase-api-gw-1	31.47MiB / 7.755GiB	0.30%
2026-10-07T18:45:38Z	deskcommcrm-supabase-storage-1	117.7MiB / 7.755GiB	0.00%
2026-10-07T18:45:38Z	deskcommcrm-supabase-functions-1	26.74MiB / 7.755GiB	0.01%
2026-10-07T18:45:38Z	deskcommcrm-supabase-meta-1	110.6MiB / 7.755GiB	7.55%
2026-10-07T18:45:38Z	deskcommcrm-supabase-realtime-1	206.7MiB / 7.755GiB	1.10%
2026-10-07T18:45:38Z	deskcommcrm-supabase-auth-1	21.54MiB / 7.755GiB	0.01%
2026-10-07T18:45:38Z	deskcommcrm-supabase-supavisor-1	183.4MiB / 7.755GiB	0.24%
2026-10-07T18:45:38Z	deskcommcrm-supabase-rest-1	49.09MiB / 7.755GiB	2.09%
2026-10-07T18:45:38Z	deskcommcrm-supabase-db-1	318.7MiB / 7.755GiB	1.64%
2026-10-07T18:45:38Z	deskcommcrm-supabase-studio-1	215.3MiB / 7.755GiB	0.01%
2026-10-07T18:45:38Z	deskcommcrm-supabase-imgproxy-1	36.27MiB / 7.755GiB	0.00%
2026-10-07T18:45:38Z	coolify-proxy	53.93MiB / 7.755GiB	1.85%
2026-10-07T18:45:38Z	coolify-sentinel	9.242MiB / 7.755GiB	0.03%
2026-10-07T18:45:38Z	coolify	341.5MiB / 7.755GiB	0.30%
2026-10-07T18:45:38Z	coolify-db	34.98MiB / 7.755GiB	0.00%
2026-10-07T18:45:38Z	coolify-redis	9.996MiB / 7.755GiB	0.36%
2026-10-07T18:45:38Z	coolify-realtime	63.43MiB / 7.755GiB	0.35%
2026-10-07T18:45:45Z	deskcommcrm-scheduler-1	5.398MiB / 7.755GiB	0.00%
2026-10-07T18:45:45Z	deskcommcrm-app-1	263.3MiB / 768MiB	0.00%
2026-10-07T18:45:45Z	deskcommcrm-srh-1	67.62MiB / 7.755GiB	0.07%
2026-10-07T18:45:45Z	deskcommcrm-waha-1	293.2MiB / 1.25GiB	0.07%
2026-10-07T18:45:45Z	deskcommcrm-redis-1	3.238MiB / 7.755GiB	0.31%
2026-10-07T18:45:45Z	deskcommcrm-worker-1	227.9MiB / 512MiB	0.31%
2026-10-07T18:45:45Z	deskcommcrm-supabase-api-gw-1	31.47MiB / 7.755GiB	0.22%
2026-10-07T18:45:45Z	deskcommcrm-supabase-storage-1	117.7MiB / 7.755GiB	0.07%
2026-10-07T18:45:45Z	deskcommcrm-supabase-functions-1	26.74MiB / 7.755GiB	0.01%
2026-10-07T18:45:45Z	deskcommcrm-supabase-meta-1	110.6MiB / 7.755GiB	0.13%
2026-10-07T18:45:45Z	deskcommcrm-supabase-realtime-1	206.7MiB / 7.755GiB	0.54%
2026-10-07T18:45:45Z	deskcommcrm-supabase-auth-1	21.54MiB / 7.755GiB	0.00%
2026-10-07T18:45:45Z	deskcommcrm-supabase-supavisor-1	183.4MiB / 7.755GiB	0.38%
2026-10-07T18:45:45Z	deskcommcrm-supabase-rest-1	49.99MiB / 7.755GiB	0.06%
2026-10-07T18:45:45Z	deskcommcrm-supabase-db-1	323.9MiB / 7.755GiB	1.21%
2026-10-07T18:45:45Z	deskcommcrm-supabase-studio-1	215.4MiB / 7.755GiB	0.00%
2026-10-07T18:45:45Z	deskcommcrm-supabase-imgproxy-1	36.33MiB / 7.755GiB	0.00%
2026-10-07T18:45:45Z	coolify-proxy	53.93MiB / 7.755GiB	0.04%
2026-10-07T18:45:45Z	coolify-sentinel	9.242MiB / 7.755GiB	0.03%
2026-10-07T18:45:45Z	coolify	341.5MiB / 7.755GiB	3.63%
2026-10-07T18:45:45Z	coolify-db	34.97MiB / 7.755GiB	0.00%
2026-10-07T18:45:45Z	coolify-redis	9.996MiB / 7.755GiB	0.42%
2026-10-07T18:45:45Z	coolify-realtime	63.29MiB / 7.755GiB	2.21%
2026-10-07T18:45:52Z	deskcommcrm-scheduler-1	5.398MiB / 7.755GiB	0.00%
2026-10-07T18:45:52Z	deskcommcrm-app-1	263.3MiB / 768MiB	4.14%
2026-10-07T18:45:52Z	deskcommcrm-srh-1	67.62MiB / 7.755GiB	0.04%
2026-10-07T18:45:52Z	deskcommcrm-waha-1	293.2MiB / 1.25GiB	0.08%
2026-10-07T18:45:52Z	deskcommcrm-redis-1	3.238MiB / 7.755GiB	0.25%
2026-10-07T18:45:52Z	deskcommcrm-worker-1	228MiB / 512MiB	0.06%
2026-10-07T18:45:52Z	deskcommcrm-supabase-api-gw-1	31.46MiB / 7.755GiB	0.33%
2026-10-07T18:45:52Z	deskcommcrm-supabase-storage-1	117.7MiB / 7.755GiB	0.00%
2026-10-07T18:45:52Z	deskcommcrm-supabase-functions-1	26.74MiB / 7.755GiB	0.01%
2026-10-07T18:45:52Z	deskcommcrm-supabase-meta-1	110.6MiB / 7.755GiB	0.13%
2026-10-07T18:45:52Z	deskcommcrm-supabase-realtime-1	206.7MiB / 7.755GiB	0.51%
2026-10-07T18:45:52Z	deskcommcrm-supabase-auth-1	21.54MiB / 7.755GiB	0.04%
2026-10-07T18:45:52Z	deskcommcrm-supabase-supavisor-1	183.4MiB / 7.755GiB	0.23%
2026-10-07T18:45:52Z	deskcommcrm-supabase-rest-1	49.99MiB / 7.755GiB	0.05%
2026-10-07T18:45:52Z	deskcommcrm-supabase-db-1	324.6MiB / 7.755GiB	1.09%
2026-10-07T18:45:52Z	deskcommcrm-supabase-studio-1	215.5MiB / 7.755GiB	0.03%
2026-10-07T18:45:52Z	deskcommcrm-supabase-imgproxy-1	36.35MiB / 7.755GiB	0.00%
2026-10-07T18:45:52Z	coolify-proxy	53.93MiB / 7.755GiB	0.05%
2026-10-07T18:45:52Z	coolify-sentinel	9.266MiB / 7.755GiB	0.02%
2026-10-07T18:45:52Z	coolify	341.5MiB / 7.755GiB	0.25%
2026-10-07T18:45:52Z	coolify-db	34.98MiB / 7.755GiB	0.40%
2026-10-07T18:45:52Z	coolify-redis	9.996MiB / 7.755GiB	0.29%
2026-10-07T18:45:52Z	coolify-realtime	63.3MiB / 7.755GiB	0.30%
2026-10-07T18:45:59Z	deskcommcrm-scheduler-1	5.52MiB / 7.755GiB	0.00%
2026-10-07T18:45:59Z	deskcommcrm-app-1	263.9MiB / 768MiB	0.03%
2026-10-07T18:45:59Z	deskcommcrm-srh-1	67.62MiB / 7.755GiB	0.04%
2026-10-07T18:45:59Z	deskcommcrm-waha-1	293.2MiB / 1.25GiB	0.06%
2026-10-07T18:45:59Z	deskcommcrm-redis-1	3.238MiB / 7.755GiB	0.26%
2026-10-07T18:45:59Z	deskcommcrm-worker-1	228.1MiB / 512MiB	0.18%
2026-10-07T18:45:59Z	deskcommcrm-supabase-api-gw-1	31.46MiB / 7.755GiB	2.05%
2026-10-07T18:45:59Z	deskcommcrm-supabase-storage-1	117.7MiB / 7.755GiB	0.02%
2026-10-07T18:45:59Z	deskcommcrm-supabase-functions-1	26.74MiB / 7.755GiB	0.01%
2026-10-07T18:45:59Z	deskcommcrm-supabase-meta-1	110.6MiB / 7.755GiB	0.21%
2026-10-07T18:45:59Z	deskcommcrm-supabase-realtime-1	206.7MiB / 7.755GiB	0.21%
2026-10-07T18:45:59Z	deskcommcrm-supabase-auth-1	21.54MiB / 7.755GiB	0.00%
2026-10-07T18:45:59Z	deskcommcrm-supabase-supavisor-1	183.4MiB / 7.755GiB	0.17%
2026-10-07T18:45:59Z	deskcommcrm-supabase-rest-1	50MiB / 7.755GiB	2.42%
2026-10-07T18:45:59Z	deskcommcrm-supabase-db-1	327.4MiB / 7.755GiB	4.76%
2026-10-07T18:45:59Z	deskcommcrm-supabase-studio-1	215.5MiB / 7.755GiB	0.00%
2026-10-07T18:45:59Z	deskcommcrm-supabase-imgproxy-1	36.39MiB / 7.755GiB	5.26%
2026-10-07T18:45:59Z	coolify-proxy	53.94MiB / 7.755GiB	0.19%
2026-10-07T18:45:59Z	coolify-sentinel	9.27MiB / 7.755GiB	0.02%
2026-10-07T18:45:59Z	coolify	340.7MiB / 7.755GiB	16.76%
2026-10-07T18:45:59Z	coolify-db	34.66MiB / 7.755GiB	3.12%
2026-10-07T18:45:59Z	coolify-redis	10.01MiB / 7.755GiB	0.60%
2026-10-07T18:45:59Z	coolify-realtime	63.29MiB / 7.755GiB	0.27%
2026-10-07T18:46:06Z	deskcommcrm-scheduler-1	5.516MiB / 7.755GiB	0.00%
2026-10-07T18:46:06Z	deskcommcrm-app-1	263.7MiB / 768MiB	0.00%
2026-10-07T18:46:06Z	deskcommcrm-srh-1	67.62MiB / 7.755GiB	0.04%
2026-10-07T18:46:06Z	deskcommcrm-waha-1	293.2MiB / 1.25GiB	0.04%
2026-10-07T18:46:06Z	deskcommcrm-redis-1	3.238MiB / 7.755GiB	0.31%
2026-10-07T18:46:06Z	deskcommcrm-worker-1	228.7MiB / 512MiB	1.56%
2026-10-07T18:46:06Z	deskcommcrm-supabase-api-gw-1	31.47MiB / 7.755GiB	0.32%
2026-10-07T18:46:06Z	deskcommcrm-supabase-storage-1	117.7MiB / 7.755GiB	0.01%
2026-10-07T18:46:06Z	deskcommcrm-supabase-functions-1	26.74MiB / 7.755GiB	0.01%
2026-10-07T18:46:06Z	deskcommcrm-supabase-meta-1	110.6MiB / 7.755GiB	0.30%
2026-10-07T18:46:06Z	deskcommcrm-supabase-realtime-1	206.7MiB / 7.755GiB	0.39%
2026-10-07T18:46:06Z	deskcommcrm-supabase-auth-1	21.54MiB / 7.755GiB	1.62%
2026-10-07T18:46:06Z	deskcommcrm-supabase-supavisor-1	183.4MiB / 7.755GiB	0.62%
2026-10-07T18:46:06Z	deskcommcrm-supabase-rest-1	50.01MiB / 7.755GiB	0.26%
2026-10-07T18:46:06Z	deskcommcrm-supabase-db-1	327.4MiB / 7.755GiB	1.28%
2026-10-07T18:46:06Z	deskcommcrm-supabase-studio-1	215.5MiB / 7.755GiB	7.28%
2026-10-07T18:46:06Z	deskcommcrm-supabase-imgproxy-1	36.36MiB / 7.755GiB	0.00%
2026-10-07T18:46:06Z	coolify-proxy	53.93MiB / 7.755GiB	0.32%
2026-10-07T18:46:06Z	coolify-sentinel	9.566MiB / 7.755GiB	2.00%
2026-10-07T18:46:06Z	coolify	340.7MiB / 7.755GiB	0.23%
2026-10-07T18:46:06Z	coolify-db	34.66MiB / 7.755GiB	0.00%
2026-10-07T18:46:06Z	coolify-redis	10MiB / 7.755GiB	0.32%
2026-10-07T18:46:06Z	coolify-realtime	63.29MiB / 7.755GiB	0.25%
2026-10-07T18:46:14Z	deskcommcrm-scheduler-1	5.395MiB / 7.755GiB	0.00%
2026-10-07T18:46:14Z	deskcommcrm-app-1	263.7MiB / 768MiB	0.00%
2026-10-07T18:46:14Z	deskcommcrm-srh-1	67.62MiB / 7.755GiB	0.04%
2026-10-07T18:46:14Z	deskcommcrm-waha-1	293.2MiB / 1.25GiB	0.06%
2026-10-07T18:46:14Z	deskcommcrm-redis-1	3.238MiB / 7.755GiB	0.28%
2026-10-07T18:46:14Z	deskcommcrm-worker-1	228.1MiB / 512MiB	1.07%
2026-10-07T18:46:14Z	deskcommcrm-supabase-api-gw-1	31.47MiB / 7.755GiB	0.32%
2026-10-07T18:46:14Z	deskcommcrm-supabase-storage-1	117.7MiB / 7.755GiB	2.08%
2026-10-07T18:46:14Z	deskcommcrm-supabase-functions-1	26.74MiB / 7.755GiB	2.31%
2026-10-07T18:46:14Z	deskcommcrm-supabase-meta-1	110.7MiB / 7.755GiB	7.63%
2026-10-07T18:46:14Z	deskcommcrm-supabase-realtime-1	206.7MiB / 7.755GiB	0.86%
2026-10-07T18:46:14Z	deskcommcrm-supabase-auth-1	21.54MiB / 7.755GiB	0.01%
2026-10-07T18:46:14Z	deskcommcrm-supabase-supavisor-1	183.4MiB / 7.755GiB	0.14%
2026-10-07T18:46:14Z	deskcommcrm-supabase-rest-1	50MiB / 7.755GiB	5.07%
2026-10-07T18:46:14Z	deskcommcrm-supabase-db-1	325.5MiB / 7.755GiB	5.54%
2026-10-07T18:46:14Z	deskcommcrm-supabase-studio-1	215.6MiB / 7.755GiB	0.04%
2026-10-07T18:46:14Z	deskcommcrm-supabase-imgproxy-1	36.45MiB / 7.755GiB	0.00%
2026-10-07T18:46:14Z	coolify-proxy	53.93MiB / 7.755GiB	2.19%
2026-10-07T18:46:14Z	coolify-sentinel	9.527MiB / 7.755GiB	0.04%
2026-10-07T18:46:14Z	coolify	340.7MiB / 7.755GiB	0.31%
2026-10-07T18:46:14Z	coolify-db	34.66MiB / 7.755GiB	2.56%
2026-10-07T18:46:14Z	coolify-redis	10MiB / 7.755GiB	2.23%
2026-10-07T18:46:14Z	coolify-realtime	63.3MiB / 7.755GiB	0.28%
2026-10-07T18:46:21Z	deskcommcrm-scheduler-1	5.395MiB / 7.755GiB	0.00%
2026-10-07T18:46:21Z	deskcommcrm-app-1	263.7MiB / 768MiB	0.00%
2026-10-07T18:46:21Z	deskcommcrm-srh-1	67.62MiB / 7.755GiB	0.04%
2026-10-07T18:46:21Z	deskcommcrm-waha-1	293.2MiB / 1.25GiB	0.06%
2026-10-07T18:46:21Z	deskcommcrm-redis-1	3.238MiB / 7.755GiB	0.30%
2026-10-07T18:46:21Z	deskcommcrm-worker-1	228.1MiB / 512MiB	0.17%
2026-10-07T18:46:21Z	deskcommcrm-supabase-api-gw-1	31.47MiB / 7.755GiB	0.22%
2026-10-07T18:46:21Z	deskcommcrm-supabase-storage-1	117.7MiB / 7.755GiB	0.00%
2026-10-07T18:46:21Z	deskcommcrm-supabase-functions-1	26.74MiB / 7.755GiB	0.01%
2026-10-07T18:46:21Z	deskcommcrm-supabase-meta-1	110.6MiB / 7.755GiB	0.15%
2026-10-07T18:46:21Z	deskcommcrm-supabase-realtime-1	206.7MiB / 7.755GiB	0.75%
2026-10-07T18:46:21Z	deskcommcrm-supabase-auth-1	21.54MiB / 7.755GiB	0.02%
2026-10-07T18:46:21Z	deskcommcrm-supabase-supavisor-1	183.5MiB / 7.755GiB	3.51%
2026-10-07T18:46:21Z	deskcommcrm-supabase-rest-1	50MiB / 7.755GiB	0.04%
2026-10-07T18:46:21Z	deskcommcrm-supabase-db-1	325.9MiB / 7.755GiB	1.21%
2026-10-07T18:46:21Z	deskcommcrm-supabase-studio-1	215.6MiB / 7.755GiB	0.00%
2026-10-07T18:46:21Z	deskcommcrm-supabase-imgproxy-1	36.48MiB / 7.755GiB	0.00%
2026-10-07T18:46:21Z	coolify-proxy	53.93MiB / 7.755GiB	0.16%
2026-10-07T18:46:21Z	coolify-sentinel	9.5MiB / 7.755GiB	0.03%
2026-10-07T18:46:21Z	coolify	340.7MiB / 7.755GiB	3.84%
2026-10-07T18:46:21Z	coolify-db	34.66MiB / 7.755GiB	0.00%
2026-10-07T18:46:21Z	coolify-redis	9.949MiB / 7.755GiB	0.38%
2026-10-07T18:46:21Z	coolify-realtime	63.3MiB / 7.755GiB	0.37%
2026-10-07T18:46:28Z	deskcommcrm-scheduler-1	5.398MiB / 7.755GiB	0.00%
2026-10-07T18:46:28Z	deskcommcrm-app-1	263.7MiB / 768MiB	0.01%
2026-10-07T18:46:28Z	deskcommcrm-srh-1	67.62MiB / 7.755GiB	0.06%
2026-10-07T18:46:28Z	deskcommcrm-waha-1	293.2MiB / 1.25GiB	0.08%
2026-10-07T18:46:28Z	deskcommcrm-redis-1	3.238MiB / 7.755GiB	0.31%
2026-10-07T18:46:28Z	deskcommcrm-worker-1	228.2MiB / 512MiB	0.19%
2026-10-07T18:46:28Z	deskcommcrm-supabase-api-gw-1	31.47MiB / 7.755GiB	0.37%
2026-10-07T18:46:28Z	deskcommcrm-supabase-storage-1	117.7MiB / 7.755GiB	0.00%
2026-10-07T18:46:28Z	deskcommcrm-supabase-functions-1	26.74MiB / 7.755GiB	0.02%
2026-10-07T18:46:28Z	deskcommcrm-supabase-meta-1	110.6MiB / 7.755GiB	0.17%
2026-10-07T18:46:28Z	deskcommcrm-supabase-realtime-1	206.7MiB / 7.755GiB	0.93%
2026-10-07T18:46:28Z	deskcommcrm-supabase-auth-1	21.54MiB / 7.755GiB	0.06%
2026-10-07T18:46:28Z	deskcommcrm-supabase-supavisor-1	183.5MiB / 7.755GiB	0.18%
2026-10-07T18:46:28Z	deskcommcrm-supabase-rest-1	50.01MiB / 7.755GiB	0.57%
2026-10-07T18:46:28Z	deskcommcrm-supabase-db-1	326MiB / 7.755GiB	1.51%
2026-10-07T18:46:28Z	deskcommcrm-supabase-studio-1	215.7MiB / 7.755GiB	0.01%
2026-10-07T18:46:28Z	deskcommcrm-supabase-imgproxy-1	36.47MiB / 7.755GiB	0.00%
2026-10-07T18:46:28Z	coolify-proxy	53.93MiB / 7.755GiB	0.00%
2026-10-07T18:46:28Z	coolify-sentinel	9.527MiB / 7.755GiB	0.04%
2026-10-07T18:46:28Z	coolify	340.7MiB / 7.755GiB	0.28%
2026-10-07T18:46:28Z	coolify-db	34.67MiB / 7.755GiB	0.01%
2026-10-07T18:46:28Z	coolify-redis	9.949MiB / 7.755GiB	0.36%
2026-10-07T18:46:28Z	coolify-realtime	63.29MiB / 7.755GiB	0.37%
2026-10-07T18:46:35Z	deskcommcrm-scheduler-1	5.398MiB / 7.755GiB	0.00%
2026-10-07T18:46:35Z	deskcommcrm-app-1	263.7MiB / 768MiB	0.00%
2026-10-07T18:46:35Z	deskcommcrm-srh-1	67.62MiB / 7.755GiB	0.07%
2026-10-07T18:46:35Z	deskcommcrm-waha-1	293.2MiB / 1.25GiB	0.05%
2026-10-07T18:46:35Z	deskcommcrm-redis-1	3.238MiB / 7.755GiB	0.32%
2026-10-07T18:46:35Z	deskcommcrm-worker-1	228.1MiB / 512MiB	0.36%
2026-10-07T18:46:35Z	deskcommcrm-supabase-api-gw-1	31.47MiB / 7.755GiB	0.23%
2026-10-07T18:46:35Z	deskcommcrm-supabase-storage-1	117.7MiB / 7.755GiB	0.01%
2026-10-07T18:46:35Z	deskcommcrm-supabase-functions-1	26.74MiB / 7.755GiB	0.01%
2026-10-07T18:46:35Z	deskcommcrm-supabase-meta-1	110.6MiB / 7.755GiB	0.18%
2026-10-07T18:46:35Z	deskcommcrm-supabase-realtime-1	206.7MiB / 7.755GiB	0.39%
2026-10-07T18:46:35Z	deskcommcrm-supabase-auth-1	21.54MiB / 7.755GiB	0.00%
2026-10-07T18:46:35Z	deskcommcrm-supabase-supavisor-1	183.5MiB / 7.755GiB	0.44%
2026-10-07T18:46:35Z	deskcommcrm-supabase-rest-1	50MiB / 7.755GiB	0.05%
2026-10-07T18:46:35Z	deskcommcrm-supabase-db-1	326.3MiB / 7.755GiB	1.25%
2026-10-07T18:46:35Z	deskcommcrm-supabase-studio-1	215.7MiB / 7.755GiB	0.01%
2026-10-07T18:46:35Z	deskcommcrm-supabase-imgproxy-1	36.59MiB / 7.755GiB	4.71%
2026-10-07T18:46:35Z	coolify-proxy	53.92MiB / 7.755GiB	0.05%
2026-10-07T18:46:35Z	coolify-sentinel	9.523MiB / 7.755GiB	0.03%
2026-10-07T18:46:35Z	coolify	340.7MiB / 7.755GiB	0.33%
2026-10-07T18:46:35Z	coolify-db	34.66MiB / 7.755GiB	0.00%
2026-10-07T18:46:35Z	coolify-redis	9.949MiB / 7.755GiB	0.39%
2026-10-07T18:46:35Z	coolify-realtime	63.29MiB / 7.755GiB	0.33%
2026-10-07T18:46:42Z	deskcommcrm-scheduler-1	5.398MiB / 7.755GiB	0.00%
2026-10-07T18:46:42Z	deskcommcrm-app-1	263.7MiB / 768MiB	0.00%
2026-10-07T18:46:42Z	deskcommcrm-srh-1	67.62MiB / 7.755GiB	0.04%
2026-10-07T18:46:42Z	deskcommcrm-waha-1	293.2MiB / 1.25GiB	0.10%
2026-10-07T18:46:42Z	deskcommcrm-redis-1	3.238MiB / 7.755GiB	0.28%
2026-10-07T18:46:42Z	deskcommcrm-worker-1	228.2MiB / 512MiB	0.15%
2026-10-07T18:46:42Z	deskcommcrm-supabase-api-gw-1	31.48MiB / 7.755GiB	0.26%
2026-10-07T18:46:42Z	deskcommcrm-supabase-storage-1	117.7MiB / 7.755GiB	0.00%
2026-10-07T18:46:42Z	deskcommcrm-supabase-functions-1	26.74MiB / 7.755GiB	0.01%
2026-10-07T18:46:42Z	deskcommcrm-supabase-meta-1	110.6MiB / 7.755GiB	0.11%
2026-10-07T18:46:42Z	deskcommcrm-supabase-realtime-1	206.7MiB / 7.755GiB	0.46%
2026-10-07T18:46:42Z	deskcommcrm-supabase-auth-1	21.15MiB / 7.755GiB	0.41%
2026-10-07T18:46:42Z	deskcommcrm-supabase-supavisor-1	183.5MiB / 7.755GiB	0.12%
2026-10-07T18:46:42Z	deskcommcrm-supabase-rest-1	50MiB / 7.755GiB	0.04%
2026-10-07T18:46:42Z	deskcommcrm-supabase-db-1	326.8MiB / 7.755GiB	1.02%
2026-10-07T18:46:42Z	deskcommcrm-supabase-studio-1	215.8MiB / 7.755GiB	7.37%
2026-10-07T18:46:42Z	deskcommcrm-supabase-imgproxy-1	36.71MiB / 7.755GiB	0.00%
2026-10-07T18:46:42Z	coolify-proxy	53.93MiB / 7.755GiB	1.76%
2026-10-07T18:46:42Z	coolify-sentinel	9.527MiB / 7.755GiB	0.03%
2026-10-07T18:46:42Z	coolify	340.7MiB / 7.755GiB	0.21%
2026-10-07T18:46:42Z	coolify-db	34.66MiB / 7.755GiB	0.00%
2026-10-07T18:46:42Z	coolify-redis	9.949MiB / 7.755GiB	0.33%
2026-10-07T18:46:42Z	coolify-realtime	63.3MiB / 7.755GiB	0.29%
2026-10-07T18:46:49Z	deskcommcrm-scheduler-1	5.398MiB / 7.755GiB	0.00%
2026-10-07T18:46:49Z	deskcommcrm-app-1	263.7MiB / 768MiB	0.00%
2026-10-07T18:46:49Z	deskcommcrm-srh-1	67.62MiB / 7.755GiB	0.04%
2026-10-07T18:46:49Z	deskcommcrm-waha-1	293.2MiB / 1.25GiB	0.13%
2026-10-07T18:46:49Z	deskcommcrm-redis-1	3.238MiB / 7.755GiB	0.27%
2026-10-07T18:46:49Z	deskcommcrm-worker-1	228.3MiB / 512MiB	2.24%
2026-10-07T18:46:49Z	deskcommcrm-supabase-api-gw-1	31.46MiB / 7.755GiB	2.68%
2026-10-07T18:46:49Z	deskcommcrm-supabase-storage-1	117.7MiB / 7.755GiB	1.81%
2026-10-07T18:46:49Z	deskcommcrm-supabase-functions-1	26.74MiB / 7.755GiB	2.16%
2026-10-07T18:46:49Z	deskcommcrm-supabase-meta-1	110.6MiB / 7.755GiB	8.83%
2026-10-07T18:46:49Z	deskcommcrm-supabase-realtime-1	206.7MiB / 7.755GiB	0.22%
2026-10-07T18:46:49Z	deskcommcrm-supabase-auth-1	21.15MiB / 7.755GiB	0.00%
2026-10-07T18:46:49Z	deskcommcrm-supabase-supavisor-1	183.5MiB / 7.755GiB	0.23%
2026-10-07T18:46:49Z	deskcommcrm-supabase-rest-1	49.99MiB / 7.755GiB	4.79%
2026-10-07T18:46:49Z	deskcommcrm-supabase-db-1	330.8MiB / 7.755GiB	5.83%
2026-10-07T18:46:49Z	deskcommcrm-supabase-studio-1	215.9MiB / 7.755GiB	0.00%
2026-10-07T18:46:49Z	deskcommcrm-supabase-imgproxy-1	36.71MiB / 7.755GiB	0.00%
2026-10-07T18:46:49Z	coolify-proxy	53.93MiB / 7.755GiB	0.33%
2026-10-07T18:46:49Z	coolify-sentinel	9.527MiB / 7.755GiB	0.05%
2026-10-07T18:46:49Z	coolify	340.7MiB / 7.755GiB	0.22%
2026-10-07T18:46:49Z	coolify-db	34.66MiB / 7.755GiB	2.31%
2026-10-07T18:46:49Z	coolify-redis	9.949MiB / 7.755GiB	2.32%
2026-10-07T18:46:49Z	coolify-realtime	63.31MiB / 7.755GiB	0.27%
2026-10-07T18:46:56Z	deskcommcrm-scheduler-1	5.398MiB / 7.755GiB	0.00%
2026-10-07T18:46:56Z	deskcommcrm-app-1	263.7MiB / 768MiB	0.00%
2026-10-07T18:46:56Z	deskcommcrm-srh-1	67.62MiB / 7.755GiB	0.08%
2026-10-07T18:46:56Z	deskcommcrm-waha-1	293.2MiB / 1.25GiB	0.05%
2026-10-07T18:46:56Z	deskcommcrm-redis-1	3.238MiB / 7.755GiB	0.31%
2026-10-07T18:46:56Z	deskcommcrm-worker-1	228.2MiB / 512MiB	0.11%
2026-10-07T18:46:56Z	deskcommcrm-supabase-api-gw-1	31.46MiB / 7.755GiB	0.22%
2026-10-07T18:46:56Z	deskcommcrm-supabase-storage-1	117.7MiB / 7.755GiB	0.01%
2026-10-07T18:46:56Z	deskcommcrm-supabase-functions-1	26.74MiB / 7.755GiB	0.01%
2026-10-07T18:46:56Z	deskcommcrm-supabase-meta-1	110.6MiB / 7.755GiB	0.12%
2026-10-07T18:46:56Z	deskcommcrm-supabase-realtime-1	206.7MiB / 7.755GiB	3.22%
2026-10-07T18:46:56Z	deskcommcrm-supabase-auth-1	21.15MiB / 7.755GiB	1.74%
2026-10-07T18:46:56Z	deskcommcrm-supabase-supavisor-1	183.5MiB / 7.755GiB	0.49%
2026-10-07T18:46:56Z	deskcommcrm-supabase-rest-1	49.99MiB / 7.755GiB	0.04%
2026-10-07T18:46:56Z	deskcommcrm-supabase-db-1	327.4MiB / 7.755GiB	1.45%
2026-10-07T18:46:56Z	deskcommcrm-supabase-studio-1	215.9MiB / 7.755GiB	0.00%
2026-10-07T18:46:56Z	deskcommcrm-supabase-imgproxy-1	36.71MiB / 7.755GiB	0.00%
2026-10-07T18:46:56Z	coolify-proxy	53.92MiB / 7.755GiB	0.14%
2026-10-07T18:46:56Z	coolify-sentinel	9.531MiB / 7.755GiB	2.20%
2026-10-07T18:46:56Z	coolify	340.7MiB / 7.755GiB	3.57%
2026-10-07T18:46:56Z	coolify-db	34.66MiB / 7.755GiB	0.00%
2026-10-07T18:46:56Z	coolify-redis	10.2MiB / 7.755GiB	0.42%
2026-10-07T18:46:56Z	coolify-realtime	63.3MiB / 7.755GiB	0.38%
2026-10-07T18:47:03Z	deskcommcrm-scheduler-1	5.52MiB / 7.755GiB	0.00%
2026-10-07T18:47:03Z	deskcommcrm-app-1	263MiB / 768MiB	0.28%
2026-10-07T18:47:03Z	deskcommcrm-srh-1	67.62MiB / 7.755GiB	0.04%
2026-10-07T18:47:03Z	deskcommcrm-waha-1	293.2MiB / 1.25GiB	0.06%
2026-10-07T18:47:03Z	deskcommcrm-redis-1	3.238MiB / 7.755GiB	0.33%
2026-10-07T18:47:03Z	deskcommcrm-worker-1	228.3MiB / 512MiB	0.15%
2026-10-07T18:47:03Z	deskcommcrm-supabase-api-gw-1	31.46MiB / 7.755GiB	0.35%
2026-10-07T18:47:03Z	deskcommcrm-supabase-storage-1	117.7MiB / 7.755GiB	0.01%
2026-10-07T18:47:03Z	deskcommcrm-supabase-functions-1	26.74MiB / 7.755GiB	0.02%
2026-10-07T18:47:03Z	deskcommcrm-supabase-meta-1	110.7MiB / 7.755GiB	0.21%
2026-10-07T18:47:03Z	deskcommcrm-supabase-realtime-1	206.7MiB / 7.755GiB	0.93%
2026-10-07T18:47:03Z	deskcommcrm-supabase-auth-1	21.15MiB / 7.755GiB	0.01%
2026-10-07T18:47:03Z	deskcommcrm-supabase-supavisor-1	183.5MiB / 7.755GiB	0.28%
2026-10-07T18:47:03Z	deskcommcrm-supabase-rest-1	50MiB / 7.755GiB	2.30%
2026-10-07T18:47:03Z	deskcommcrm-supabase-db-1	329.5MiB / 7.755GiB	1.27%
2026-10-07T18:47:03Z	deskcommcrm-supabase-studio-1	215.9MiB / 7.755GiB	0.01%
2026-10-07T18:47:03Z	deskcommcrm-supabase-imgproxy-1	36.71MiB / 7.755GiB	0.00%
2026-10-07T18:47:03Z	coolify-proxy	53.1MiB / 7.755GiB	0.20%
2026-10-07T18:47:03Z	coolify-sentinel	9.535MiB / 7.755GiB	1.27%
2026-10-07T18:47:03Z	coolify	340.7MiB / 7.755GiB	2.96%
2026-10-07T18:47:03Z	coolify-db	34.67MiB / 7.755GiB	0.91%
2026-10-07T18:47:03Z	coolify-redis	10.34MiB / 7.755GiB	0.57%
2026-10-07T18:47:03Z	coolify-realtime	63.3MiB / 7.755GiB	0.38%
2026-10-07T18:47:11Z	deskcommcrm-scheduler-1	5.395MiB / 7.755GiB	0.00%
2026-10-07T18:47:11Z	deskcommcrm-app-1	237.9MiB / 768MiB	0.03%
2026-10-07T18:47:11Z	deskcommcrm-srh-1	67.62MiB / 7.755GiB	0.12%
2026-10-07T18:47:11Z	deskcommcrm-waha-1	293.2MiB / 1.25GiB	0.05%
2026-10-07T18:47:11Z	deskcommcrm-redis-1	3.238MiB / 7.755GiB	0.34%
2026-10-07T18:47:11Z	deskcommcrm-worker-1	228.3MiB / 512MiB	0.47%
2026-10-07T18:47:11Z	deskcommcrm-supabase-api-gw-1	31.47MiB / 7.755GiB	0.29%
2026-10-07T18:47:11Z	deskcommcrm-supabase-storage-1	117.7MiB / 7.755GiB	0.00%
2026-10-07T18:47:11Z	deskcommcrm-supabase-functions-1	26.74MiB / 7.755GiB	0.01%
2026-10-07T18:47:11Z	deskcommcrm-supabase-meta-1	110.6MiB / 7.755GiB	0.13%
2026-10-07T18:47:11Z	deskcommcrm-supabase-realtime-1	206.7MiB / 7.755GiB	0.66%
2026-10-07T18:47:11Z	deskcommcrm-supabase-auth-1	21.15MiB / 7.755GiB	0.05%
2026-10-07T18:47:11Z	deskcommcrm-supabase-supavisor-1	183.5MiB / 7.755GiB	0.73%
2026-10-07T18:47:11Z	deskcommcrm-supabase-rest-1	49.99MiB / 7.755GiB	0.07%
2026-10-07T18:47:11Z	deskcommcrm-supabase-db-1	328.4MiB / 7.755GiB	1.42%
2026-10-07T18:47:11Z	deskcommcrm-supabase-studio-1	216MiB / 7.755GiB	0.00%
2026-10-07T18:47:11Z	deskcommcrm-supabase-imgproxy-1	36.71MiB / 7.755GiB	5.63%
2026-10-07T18:47:11Z	coolify-proxy	53.11MiB / 7.755GiB	2.10%
2026-10-07T18:47:11Z	coolify-sentinel	9.57MiB / 7.755GiB	0.03%
2026-10-07T18:47:11Z	coolify	344.4MiB / 7.755GiB	0.24%
2026-10-07T18:47:11Z	coolify-db	35.42MiB / 7.755GiB	0.00%
2026-10-07T18:47:11Z	coolify-redis	10.54MiB / 7.755GiB	0.41%
2026-10-07T18:47:11Z	coolify-realtime	63.29MiB / 7.755GiB	2.32%
2026-10-07T18:47:18Z	deskcommcrm-scheduler-1	5.395MiB / 7.755GiB	0.00%
2026-10-07T18:47:18Z	deskcommcrm-app-1	237.9MiB / 768MiB	0.00%
2026-10-07T18:47:18Z	deskcommcrm-srh-1	67.62MiB / 7.755GiB	0.04%
2026-10-07T18:47:18Z	deskcommcrm-waha-1	293.2MiB / 1.25GiB	0.05%
2026-10-07T18:47:18Z	deskcommcrm-redis-1	3.238MiB / 7.755GiB	0.28%
2026-10-07T18:47:18Z	deskcommcrm-worker-1	228.3MiB / 512MiB	0.08%
2026-10-07T18:47:18Z	deskcommcrm-supabase-api-gw-1	31.47MiB / 7.755GiB	0.53%
2026-10-07T18:47:18Z	deskcommcrm-supabase-storage-1	117.7MiB / 7.755GiB	0.00%
2026-10-07T18:47:18Z	deskcommcrm-supabase-functions-1	26.74MiB / 7.755GiB	0.05%
2026-10-07T18:47:18Z	deskcommcrm-supabase-meta-1	110.6MiB / 7.755GiB	0.14%
2026-10-07T18:47:18Z	deskcommcrm-supabase-realtime-1	206.7MiB / 7.755GiB	0.72%
2026-10-07T18:47:18Z	deskcommcrm-supabase-auth-1	21.16MiB / 7.755GiB	0.04%
2026-10-07T18:47:18Z	deskcommcrm-supabase-supavisor-1	183.6MiB / 7.755GiB	0.20%
2026-10-07T18:47:18Z	deskcommcrm-supabase-rest-1	50.01MiB / 7.755GiB	0.39%
2026-10-07T18:47:18Z	deskcommcrm-supabase-db-1	328.4MiB / 7.755GiB	1.35%
2026-10-07T18:47:18Z	deskcommcrm-supabase-studio-1	216MiB / 7.755GiB	7.91%
2026-10-07T18:47:18Z	deskcommcrm-supabase-imgproxy-1	36.71MiB / 7.755GiB	0.00%
2026-10-07T18:47:18Z	coolify-proxy	53.15MiB / 7.755GiB	0.37%
2026-10-07T18:47:18Z	coolify-sentinel	9.535MiB / 7.755GiB	0.03%
2026-10-07T18:47:18Z	coolify	344.4MiB / 7.755GiB	0.27%
2026-10-07T18:47:18Z	coolify-db	35.42MiB / 7.755GiB	0.00%
2026-10-07T18:47:18Z	coolify-redis	10.2MiB / 7.755GiB	0.38%
2026-10-07T18:47:18Z	coolify-realtime	63.3MiB / 7.755GiB	0.38%
2026-10-07T18:47:25Z	deskcommcrm-scheduler-1	5.395MiB / 7.755GiB	0.00%
2026-10-07T18:47:25Z	deskcommcrm-app-1	238MiB / 768MiB	0.00%
2026-10-07T18:47:25Z	deskcommcrm-srh-1	67.62MiB / 7.755GiB	0.04%
2026-10-07T18:47:25Z	deskcommcrm-waha-1	293.2MiB / 1.25GiB	0.06%
2026-10-07T18:47:25Z	deskcommcrm-redis-1	3.238MiB / 7.755GiB	0.29%
2026-10-07T18:47:25Z	deskcommcrm-worker-1	228.3MiB / 512MiB	0.08%
2026-10-07T18:47:25Z	deskcommcrm-supabase-api-gw-1	31.47MiB / 7.755GiB	0.37%
2026-10-07T18:47:25Z	deskcommcrm-supabase-storage-1	117.7MiB / 7.755GiB	0.01%
2026-10-07T18:47:25Z	deskcommcrm-supabase-functions-1	26.74MiB / 7.755GiB	0.01%
2026-10-07T18:47:25Z	deskcommcrm-supabase-meta-1	110.7MiB / 7.755GiB	7.46%
2026-10-07T18:47:25Z	deskcommcrm-supabase-realtime-1	206.7MiB / 7.755GiB	0.27%
2026-10-07T18:47:25Z	deskcommcrm-supabase-auth-1	21.15MiB / 7.755GiB	0.00%
2026-10-07T18:47:25Z	deskcommcrm-supabase-supavisor-1	183.6MiB / 7.755GiB	0.43%
2026-10-07T18:47:25Z	deskcommcrm-supabase-rest-1	49.99MiB / 7.755GiB	2.38%
2026-10-07T18:47:25Z	deskcommcrm-supabase-db-1	328.4MiB / 7.755GiB	5.86%
2026-10-07T18:47:25Z	deskcommcrm-supabase-studio-1	215.6MiB / 7.755GiB	0.00%
2026-10-07T18:47:25Z	deskcommcrm-supabase-imgproxy-1	36.71MiB / 7.755GiB	0.00%
2026-10-07T18:47:25Z	coolify-proxy	53.14MiB / 7.755GiB	0.15%
2026-10-07T18:47:25Z	coolify-sentinel	9.531MiB / 7.755GiB	0.03%
2026-10-07T18:47:25Z	coolify	344.4MiB / 7.755GiB	0.23%
2026-10-07T18:47:25Z	coolify-db	35.42MiB / 7.755GiB	2.33%
2026-10-07T18:47:25Z	coolify-redis	9.949MiB / 7.755GiB	0.32%
2026-10-07T18:47:25Z	coolify-realtime	63.3MiB / 7.755GiB	2.25%
2026-10-07T18:47:32Z	deskcommcrm-scheduler-1	5.395MiB / 7.755GiB	0.00%
2026-10-07T18:47:32Z	deskcommcrm-app-1	238MiB / 768MiB	0.00%
2026-10-07T18:47:32Z	deskcommcrm-srh-1	67.62MiB / 7.755GiB	0.10%
2026-10-07T18:47:32Z	deskcommcrm-waha-1	293.2MiB / 1.25GiB	0.05%
2026-10-07T18:47:32Z	deskcommcrm-redis-1	3.238MiB / 7.755GiB	0.29%
2026-10-07T18:47:32Z	deskcommcrm-worker-1	228.4MiB / 512MiB	0.17%
2026-10-07T18:47:32Z	deskcommcrm-supabase-api-gw-1	31.46MiB / 7.755GiB	0.29%
2026-10-07T18:47:32Z	deskcommcrm-supabase-storage-1	117.7MiB / 7.755GiB	0.00%
2026-10-07T18:47:32Z	deskcommcrm-supabase-functions-1	26.74MiB / 7.755GiB	0.01%
2026-10-07T18:47:32Z	deskcommcrm-supabase-meta-1	110.7MiB / 7.755GiB	0.15%
2026-10-07T18:47:32Z	deskcommcrm-supabase-realtime-1	206.7MiB / 7.755GiB	0.46%
2026-10-07T18:47:32Z	deskcommcrm-supabase-auth-1	21.15MiB / 7.755GiB	1.72%
2026-10-07T18:47:32Z	deskcommcrm-supabase-supavisor-1	183.6MiB / 7.755GiB	0.07%
2026-10-07T18:47:32Z	deskcommcrm-supabase-rest-1	49.99MiB / 7.755GiB	0.04%
2026-10-07T18:47:32Z	deskcommcrm-supabase-db-1	324.4MiB / 7.755GiB	1.07%
2026-10-07T18:47:32Z	deskcommcrm-supabase-studio-1	215.6MiB / 7.755GiB	0.00%
2026-10-07T18:47:32Z	deskcommcrm-supabase-imgproxy-1	36.71MiB / 7.755GiB	0.00%
2026-10-07T18:47:32Z	coolify-proxy	53.14MiB / 7.755GiB	0.15%
2026-10-07T18:47:32Z	coolify-sentinel	9.531MiB / 7.755GiB	0.03%
2026-10-07T18:47:32Z	coolify	344.4MiB / 7.755GiB	3.54%
2026-10-07T18:47:32Z	coolify-db	35.42MiB / 7.755GiB	0.44%
2026-10-07T18:47:32Z	coolify-redis	9.949MiB / 7.755GiB	0.39%
2026-10-07T18:47:32Z	coolify-realtime	63.3MiB / 7.755GiB	0.34%
2026-10-07T18:47:39Z	deskcommcrm-scheduler-1	5.395MiB / 7.755GiB	0.00%
2026-10-07T18:47:39Z	deskcommcrm-app-1	238MiB / 768MiB	0.00%
2026-10-07T18:47:39Z	deskcommcrm-srh-1	67.62MiB / 7.755GiB	0.04%
2026-10-07T18:47:39Z	deskcommcrm-waha-1	293.2MiB / 1.25GiB	0.05%
2026-10-07T18:47:39Z	deskcommcrm-redis-1	3.238MiB / 7.755GiB	0.30%
2026-10-07T18:47:39Z	deskcommcrm-worker-1	228.4MiB / 512MiB	0.17%
2026-10-07T18:47:39Z	deskcommcrm-supabase-api-gw-1	31.49MiB / 7.755GiB	2.63%
2026-10-07T18:47:39Z	deskcommcrm-supabase-storage-1	117.7MiB / 7.755GiB	1.83%
2026-10-07T18:47:39Z	deskcommcrm-supabase-functions-1	26.74MiB / 7.755GiB	2.19%
2026-10-07T18:47:39Z	deskcommcrm-supabase-meta-1	110.7MiB / 7.755GiB	0.13%
2026-10-07T18:47:39Z	deskcommcrm-supabase-realtime-1	206.7MiB / 7.755GiB	0.39%
2026-10-07T18:47:39Z	deskcommcrm-supabase-auth-1	21.15MiB / 7.755GiB	0.00%
2026-10-07T18:47:39Z	deskcommcrm-supabase-supavisor-1	183.6MiB / 7.755GiB	0.39%
2026-10-07T18:47:39Z	deskcommcrm-supabase-rest-1	50.01MiB / 7.755GiB	2.28%
2026-10-07T18:47:39Z	deskcommcrm-supabase-db-1	324.5MiB / 7.755GiB	0.90%
2026-10-07T18:47:39Z	deskcommcrm-supabase-studio-1	215.6MiB / 7.755GiB	0.01%
2026-10-07T18:47:39Z	deskcommcrm-supabase-imgproxy-1	36.71MiB / 7.755GiB	0.00%
2026-10-07T18:47:39Z	coolify-proxy	53.15MiB / 7.755GiB	0.27%
2026-10-07T18:47:39Z	coolify-sentinel	9.531MiB / 7.755GiB	0.03%
2026-10-07T18:47:39Z	coolify	344.4MiB / 7.755GiB	0.25%
2026-10-07T18:47:39Z	coolify-db	35.42MiB / 7.755GiB	0.01%
2026-10-07T18:47:39Z	coolify-redis	9.949MiB / 7.755GiB	2.44%
2026-10-07T18:47:39Z	coolify-realtime	63.31MiB / 7.755GiB	0.40%
2026-10-07T18:47:46Z	deskcommcrm-scheduler-1	5.395MiB / 7.755GiB	0.00%
2026-10-07T18:47:46Z	deskcommcrm-app-1	238MiB / 768MiB	0.00%
2026-10-07T18:47:46Z	deskcommcrm-srh-1	67.62MiB / 7.755GiB	0.04%
2026-10-07T18:47:46Z	deskcommcrm-waha-1	293.2MiB / 1.25GiB	1.66%
2026-10-07T18:47:46Z	deskcommcrm-redis-1	3.238MiB / 7.755GiB	0.27%
2026-10-07T18:47:46Z	deskcommcrm-worker-1	228.5MiB / 512MiB	0.45%
2026-10-07T18:47:46Z	deskcommcrm-supabase-api-gw-1	31.46MiB / 7.755GiB	0.24%
2026-10-07T18:47:46Z	deskcommcrm-supabase-storage-1	117.7MiB / 7.755GiB	0.02%
2026-10-07T18:47:46Z	deskcommcrm-supabase-functions-1	26.74MiB / 7.755GiB	0.01%
2026-10-07T18:47:46Z	deskcommcrm-supabase-meta-1	110.7MiB / 7.755GiB	0.26%
2026-10-07T18:47:46Z	deskcommcrm-supabase-realtime-1	206.7MiB / 7.755GiB	0.43%
2026-10-07T18:47:46Z	deskcommcrm-supabase-auth-1	21.15MiB / 7.755GiB	1.80%
2026-10-07T18:47:46Z	deskcommcrm-supabase-supavisor-1	183.6MiB / 7.755GiB	0.91%
2026-10-07T18:47:46Z	deskcommcrm-supabase-rest-1	49.99MiB / 7.755GiB	0.05%
2026-10-07T18:47:46Z	deskcommcrm-supabase-db-1	328MiB / 7.755GiB	1.41%
2026-10-07T18:47:46Z	deskcommcrm-supabase-studio-1	215.6MiB / 7.755GiB	0.00%
2026-10-07T18:47:46Z	deskcommcrm-supabase-imgproxy-1	36.71MiB / 7.755GiB	5.32%
2026-10-07T18:47:46Z	coolify-proxy	53.15MiB / 7.755GiB	1.96%
2026-10-07T18:47:46Z	coolify-sentinel	9.535MiB / 7.755GiB	2.18%
2026-10-07T18:47:46Z	coolify	344.4MiB / 7.755GiB	3.75%
2026-10-07T18:47:46Z	coolify-db	35.42MiB / 7.755GiB	0.00%
2026-10-07T18:47:46Z	coolify-redis	9.949MiB / 7.755GiB	0.39%
2026-10-07T18:47:46Z	coolify-realtime	63.3MiB / 7.755GiB	0.41%
2026-10-07T18:47:53Z	deskcommcrm-scheduler-1	5.395MiB / 7.755GiB	0.00%
2026-10-07T18:47:53Z	deskcommcrm-app-1	238MiB / 768MiB	0.00%
2026-10-07T18:47:53Z	deskcommcrm-srh-1	67.62MiB / 7.755GiB	0.04%
2026-10-07T18:47:53Z	deskcommcrm-waha-1	293.2MiB / 1.25GiB	0.05%
2026-10-07T18:47:53Z	deskcommcrm-redis-1	3.238MiB / 7.755GiB	0.27%
2026-10-07T18:47:53Z	deskcommcrm-worker-1	228.5MiB / 512MiB	0.17%
2026-10-07T18:47:53Z	deskcommcrm-supabase-api-gw-1	31.46MiB / 7.755GiB	0.24%
2026-10-07T18:47:53Z	deskcommcrm-supabase-storage-1	117.7MiB / 7.755GiB	0.00%
2026-10-07T18:47:53Z	deskcommcrm-supabase-functions-1	26.74MiB / 7.755GiB	0.01%
2026-10-07T18:47:53Z	deskcommcrm-supabase-meta-1	110.7MiB / 7.755GiB	0.13%
2026-10-07T18:47:53Z	deskcommcrm-supabase-realtime-1	206.7MiB / 7.755GiB	0.83%
2026-10-07T18:47:53Z	deskcommcrm-supabase-auth-1	21.15MiB / 7.755GiB	0.02%
2026-10-07T18:47:53Z	deskcommcrm-supabase-supavisor-1	183.6MiB / 7.755GiB	0.25%
2026-10-07T18:47:53Z	deskcommcrm-supabase-rest-1	49.99MiB / 7.755GiB	0.03%
2026-10-07T18:47:53Z	deskcommcrm-supabase-db-1	326.6MiB / 7.755GiB	1.23%
2026-10-07T18:47:53Z	deskcommcrm-supabase-studio-1	215.6MiB / 7.755GiB	7.61%
2026-10-07T18:47:53Z	deskcommcrm-supabase-imgproxy-1	36.72MiB / 7.755GiB	0.00%
2026-10-07T18:47:53Z	coolify-proxy	53.14MiB / 7.755GiB	0.05%
2026-10-07T18:47:53Z	coolify-sentinel	9.504MiB / 7.755GiB	0.03%
2026-10-07T18:47:53Z	coolify	344.4MiB / 7.755GiB	0.32%
2026-10-07T18:47:53Z	coolify-db	35.42MiB / 7.755GiB	0.01%
2026-10-07T18:47:53Z	coolify-redis	9.926MiB / 7.755GiB	0.38%
2026-10-07T18:47:53Z	coolify-realtime	63.3MiB / 7.755GiB	0.30%
2026-10-07T18:48:01Z	deskcommcrm-scheduler-1	5.516MiB / 7.755GiB	0.00%
2026-10-07T18:48:01Z	deskcommcrm-app-1	240.3MiB / 768MiB	0.00%
2026-10-07T18:48:01Z	deskcommcrm-srh-1	67.62MiB / 7.755GiB	0.04%
2026-10-07T18:48:01Z	deskcommcrm-waha-1	293.2MiB / 1.25GiB	0.05%
2026-10-07T18:48:01Z	deskcommcrm-redis-1	3.238MiB / 7.755GiB	0.27%
2026-10-07T18:48:01Z	deskcommcrm-worker-1	228.6MiB / 512MiB	0.07%
2026-10-07T18:48:01Z	deskcommcrm-supabase-api-gw-1	31.48MiB / 7.755GiB	0.28%
2026-10-07T18:48:01Z	deskcommcrm-supabase-storage-1	117.7MiB / 7.755GiB	0.01%
2026-10-07T18:48:01Z	deskcommcrm-supabase-functions-1	26.74MiB / 7.755GiB	1.83%
2026-10-07T18:48:01Z	deskcommcrm-supabase-meta-1	110.7MiB / 7.755GiB	7.80%
2026-10-07T18:48:01Z	deskcommcrm-supabase-realtime-1	206.7MiB / 7.755GiB	0.63%
2026-10-07T18:48:01Z	deskcommcrm-supabase-auth-1	21.15MiB / 7.755GiB	0.02%
2026-10-07T18:48:01Z	deskcommcrm-supabase-supavisor-1	183.6MiB / 7.755GiB	1.27%
2026-10-07T18:48:01Z	deskcommcrm-supabase-rest-1	50MiB / 7.755GiB	0.12%
2026-10-07T18:48:01Z	deskcommcrm-supabase-db-1	329MiB / 7.755GiB	1.23%
2026-10-07T18:48:01Z	deskcommcrm-supabase-studio-1	215.6MiB / 7.755GiB	0.00%
2026-10-07T18:48:01Z	deskcommcrm-supabase-imgproxy-1	37.16MiB / 7.755GiB	4.97%
2026-10-07T18:48:01Z	coolify-proxy	53.17MiB / 7.755GiB	0.10%
2026-10-07T18:48:01Z	coolify-sentinel	9.531MiB / 7.755GiB	0.03%
2026-10-07T18:48:01Z	coolify	341.8MiB / 7.755GiB	0.28%
2026-10-07T18:48:01Z	coolify-db	35.02MiB / 7.755GiB	0.00%
2026-10-07T18:48:01Z	coolify-redis	9.945MiB / 7.755GiB	0.37%
2026-10-07T18:48:01Z	coolify-realtime	63.31MiB / 7.755GiB	0.37%
2026-10-07T18:48:08Z	deskcommcrm-scheduler-1	5.516MiB / 7.755GiB	0.00%
2026-10-07T18:48:08Z	deskcommcrm-app-1	240.1MiB / 768MiB	0.00%
2026-10-07T18:48:08Z	deskcommcrm-srh-1	67.62MiB / 7.755GiB	0.04%
2026-10-07T18:48:08Z	deskcommcrm-waha-1	293.2MiB / 1.25GiB	0.05%
2026-10-07T18:48:08Z	deskcommcrm-redis-1	3.238MiB / 7.755GiB	0.30%
2026-10-07T18:48:08Z	deskcommcrm-worker-1	228.6MiB / 512MiB	0.08%
2026-10-07T18:48:08Z	deskcommcrm-supabase-api-gw-1	31.48MiB / 7.755GiB	0.35%
2026-10-07T18:48:08Z	deskcommcrm-supabase-storage-1	117.7MiB / 7.755GiB	0.01%
2026-10-07T18:48:08Z	deskcommcrm-supabase-functions-1	26.74MiB / 7.755GiB	0.02%
2026-10-07T18:48:08Z	deskcommcrm-supabase-meta-1	110.7MiB / 7.755GiB	0.14%
2026-10-07T18:48:08Z	deskcommcrm-supabase-realtime-1	206.7MiB / 7.755GiB	0.64%
2026-10-07T18:48:08Z	deskcommcrm-supabase-auth-1	21.15MiB / 7.755GiB	0.05%
2026-10-07T18:48:08Z	deskcommcrm-supabase-supavisor-1	183.6MiB / 7.755GiB	0.24%
2026-10-07T18:48:08Z	deskcommcrm-supabase-rest-1	50MiB / 7.755GiB	0.04%
2026-10-07T18:48:08Z	deskcommcrm-supabase-db-1	329MiB / 7.755GiB	1.55%
2026-10-07T18:48:08Z	deskcommcrm-supabase-studio-1	215.6MiB / 7.755GiB	0.44%
2026-10-07T18:48:08Z	deskcommcrm-supabase-imgproxy-1	36.72MiB / 7.755GiB	0.00%
2026-10-07T18:48:08Z	coolify-proxy	53.16MiB / 7.755GiB	0.00%
2026-10-07T18:48:08Z	coolify-sentinel	9.598MiB / 7.755GiB	0.03%
2026-10-07T18:48:08Z	coolify	341.8MiB / 7.755GiB	0.23%
2026-10-07T18:48:08Z	coolify-db	35.02MiB / 7.755GiB	0.00%
2026-10-07T18:48:08Z	coolify-redis	9.953MiB / 7.755GiB	1.59%
2026-10-07T18:48:08Z	coolify-realtime	63.3MiB / 7.755GiB	0.29%
2026-10-07T18:48:15Z	deskcommcrm-scheduler-1	5.395MiB / 7.755GiB	0.00%
2026-10-07T18:48:15Z	deskcommcrm-app-1	240.1MiB / 768MiB	0.00%
2026-10-07T18:48:15Z	deskcommcrm-srh-1	67.62MiB / 7.755GiB	0.04%
2026-10-07T18:48:15Z	deskcommcrm-waha-1	293.2MiB / 1.25GiB	0.05%
2026-10-07T18:48:15Z	deskcommcrm-redis-1	3.238MiB / 7.755GiB	0.25%
2026-10-07T18:48:15Z	deskcommcrm-worker-1	228.6MiB / 512MiB	0.18%
2026-10-07T18:48:15Z	deskcommcrm-supabase-api-gw-1	31.48MiB / 7.755GiB	0.42%
2026-10-07T18:48:15Z	deskcommcrm-supabase-storage-1	117.7MiB / 7.755GiB	1.97%
2026-10-07T18:48:15Z	deskcommcrm-supabase-functions-1	26.74MiB / 7.755GiB	2.04%
2026-10-07T18:48:15Z	deskcommcrm-supabase-meta-1	110.7MiB / 7.755GiB	0.17%
2026-10-07T18:48:15Z	deskcommcrm-supabase-realtime-1	206.7MiB / 7.755GiB	0.50%
2026-10-07T18:48:15Z	deskcommcrm-supabase-auth-1	21.15MiB / 7.755GiB	0.00%
2026-10-07T18:48:15Z	deskcommcrm-supabase-supavisor-1	183.6MiB / 7.755GiB	0.39%
2026-10-07T18:48:15Z	deskcommcrm-supabase-rest-1	50MiB / 7.755GiB	4.28%
2026-10-07T18:48:15Z	deskcommcrm-supabase-db-1	327MiB / 7.755GiB	5.12%
2026-10-07T18:48:15Z	deskcommcrm-supabase-studio-1	216.1MiB / 7.755GiB	0.00%
2026-10-07T18:48:15Z	deskcommcrm-supabase-imgproxy-1	36.69MiB / 7.755GiB	0.69%
2026-10-07T18:48:15Z	coolify-proxy	53.16MiB / 7.755GiB	2.16%
2026-10-07T18:48:15Z	coolify-sentinel	9.559MiB / 7.755GiB	0.03%
2026-10-07T18:48:15Z	coolify	341.8MiB / 7.755GiB	0.23%
2026-10-07T18:48:15Z	coolify-db	35.02MiB / 7.755GiB	2.50%
2026-10-07T18:48:15Z	coolify-redis	9.875MiB / 7.755GiB	2.31%
2026-10-07T18:48:15Z	coolify-realtime	63.31MiB / 7.755GiB	0.40%
2026-10-07T18:48:22Z	deskcommcrm-scheduler-1	5.395MiB / 7.755GiB	2.00%
2026-10-07T18:48:22Z	deskcommcrm-app-1	240.1MiB / 768MiB	0.00%
2026-10-07T18:48:22Z	deskcommcrm-srh-1	67.62MiB / 7.755GiB	0.07%
2026-10-07T18:48:22Z	deskcommcrm-waha-1	293.2MiB / 1.25GiB	0.06%
2026-10-07T18:48:22Z	deskcommcrm-redis-1	3.238MiB / 7.755GiB	0.25%
2026-10-07T18:48:22Z	deskcommcrm-worker-1	228.7MiB / 512MiB	0.14%
2026-10-07T18:48:22Z	deskcommcrm-supabase-api-gw-1	31.48MiB / 7.755GiB	0.32%
2026-10-07T18:48:22Z	deskcommcrm-supabase-storage-1	117.7MiB / 7.755GiB	0.00%
2026-10-07T18:48:22Z	deskcommcrm-supabase-functions-1	26.74MiB / 7.755GiB	0.02%
2026-10-07T18:48:22Z	deskcommcrm-supabase-meta-1	110.7MiB / 7.755GiB	0.13%
2026-10-07T18:48:22Z	deskcommcrm-supabase-realtime-1	206.7MiB / 7.755GiB	0.36%
2026-10-07T18:48:22Z	deskcommcrm-supabase-auth-1	21.15MiB / 7.755GiB	1.68%
2026-10-07T18:48:22Z	deskcommcrm-supabase-supavisor-1	183.7MiB / 7.755GiB	2.52%
2026-10-07T18:48:22Z	deskcommcrm-supabase-rest-1	50MiB / 7.755GiB	0.04%
2026-10-07T18:48:22Z	deskcommcrm-supabase-db-1	327.1MiB / 7.755GiB	1.15%
2026-10-07T18:48:22Z	deskcommcrm-supabase-studio-1	216.1MiB / 7.755GiB	0.00%
2026-10-07T18:48:22Z	deskcommcrm-supabase-imgproxy-1	36.71MiB / 7.755GiB	0.00%
2026-10-07T18:48:22Z	coolify-proxy	53.16MiB / 7.755GiB	0.15%
2026-10-07T18:48:22Z	coolify-sentinel	9.559MiB / 7.755GiB	0.04%
2026-10-07T18:48:22Z	coolify	341.8MiB / 7.755GiB	3.45%
2026-10-07T18:48:22Z	coolify-db	35.02MiB / 7.755GiB	0.00%
2026-10-07T18:48:22Z	coolify-redis	9.875MiB / 7.755GiB	0.38%
2026-10-07T18:48:22Z	coolify-realtime	63.3MiB / 7.755GiB	0.36%
2026-10-07T18:48:29Z	deskcommcrm-scheduler-1	5.395MiB / 7.755GiB	0.00%
2026-10-07T18:48:29Z	deskcommcrm-app-1	240.1MiB / 768MiB	0.00%
2026-10-07T18:48:29Z	deskcommcrm-srh-1	67.62MiB / 7.755GiB	0.10%
2026-10-07T18:48:29Z	deskcommcrm-waha-1	293.2MiB / 1.25GiB	0.04%
2026-10-07T18:48:29Z	deskcommcrm-redis-1	3.238MiB / 7.755GiB	0.27%
2026-10-07T18:48:29Z	deskcommcrm-worker-1	228.7MiB / 512MiB	0.36%
2026-10-07T18:48:29Z	deskcommcrm-supabase-api-gw-1	31.48MiB / 7.755GiB	0.23%
2026-10-07T18:48:29Z	deskcommcrm-supabase-storage-1	117.7MiB / 7.755GiB	0.00%
2026-10-07T18:48:29Z	deskcommcrm-supabase-functions-1	26.74MiB / 7.755GiB	0.01%
2026-10-07T18:48:29Z	deskcommcrm-supabase-meta-1	110.7MiB / 7.755GiB	0.13%
2026-10-07T18:48:29Z	deskcommcrm-supabase-realtime-1	206.7MiB / 7.755GiB	0.23%
2026-10-07T18:48:29Z	deskcommcrm-supabase-auth-1	21.15MiB / 7.755GiB	0.00%
2026-10-07T18:48:29Z	deskcommcrm-supabase-supavisor-1	183.7MiB / 7.755GiB	0.32%
2026-10-07T18:48:29Z	deskcommcrm-supabase-rest-1	50MiB / 7.755GiB	0.07%
2026-10-07T18:48:29Z	deskcommcrm-supabase-db-1	322.6MiB / 7.755GiB	1.06%
2026-10-07T18:48:29Z	deskcommcrm-supabase-studio-1	216.1MiB / 7.755GiB	7.22%
2026-10-07T18:48:29Z	deskcommcrm-supabase-imgproxy-1	36.71MiB / 7.755GiB	0.00%
2026-10-07T18:48:29Z	coolify-proxy	53.15MiB / 7.755GiB	0.04%
2026-10-07T18:48:29Z	coolify-sentinel	9.559MiB / 7.755GiB	0.03%
2026-10-07T18:48:29Z	coolify	341.8MiB / 7.755GiB	0.31%
2026-10-07T18:48:29Z	coolify-db	35.02MiB / 7.755GiB	0.00%
2026-10-07T18:48:29Z	coolify-redis	9.875MiB / 7.755GiB	1.52%
2026-10-07T18:48:29Z	coolify-realtime	63.3MiB / 7.755GiB	0.31%
2026-10-07T18:48:36Z	deskcommcrm-scheduler-1	5.395MiB / 7.755GiB	0.00%
2026-10-07T18:48:36Z	deskcommcrm-app-1	240.1MiB / 768MiB	0.00%
2026-10-07T18:48:36Z	deskcommcrm-srh-1	67.62MiB / 7.755GiB	0.04%
2026-10-07T18:48:36Z	deskcommcrm-waha-1	293.2MiB / 1.25GiB	0.06%
2026-10-07T18:48:36Z	deskcommcrm-redis-1	3.238MiB / 7.755GiB	0.30%
2026-10-07T18:48:36Z	deskcommcrm-worker-1	229.1MiB / 512MiB	0.08%
2026-10-07T18:48:36Z	deskcommcrm-supabase-api-gw-1	31.48MiB / 7.755GiB	0.23%
2026-10-07T18:48:36Z	deskcommcrm-supabase-storage-1	118MiB / 7.755GiB	0.01%
2026-10-07T18:48:36Z	deskcommcrm-supabase-functions-1	26.74MiB / 7.755GiB	0.01%
2026-10-07T18:48:36Z	deskcommcrm-supabase-meta-1	110.7MiB / 7.755GiB	7.54%
2026-10-07T18:48:36Z	deskcommcrm-supabase-realtime-1	206.7MiB / 7.755GiB	0.87%
2026-10-07T18:48:36Z	deskcommcrm-supabase-auth-1	21.15MiB / 7.755GiB	0.02%
2026-10-07T18:48:36Z	deskcommcrm-supabase-supavisor-1	183.7MiB / 7.755GiB	0.67%
2026-10-07T18:48:36Z	deskcommcrm-supabase-rest-1	50MiB / 7.755GiB	0.05%
2026-10-07T18:48:36Z	deskcommcrm-supabase-db-1	322.7MiB / 7.755GiB	1.15%
2026-10-07T18:48:36Z	deskcommcrm-supabase-studio-1	216.1MiB / 7.755GiB	0.02%
2026-10-07T18:48:36Z	deskcommcrm-supabase-imgproxy-1	36.71MiB / 7.755GiB	5.36%
2026-10-07T18:48:36Z	coolify-proxy	53.16MiB / 7.755GiB	0.13%
2026-10-07T18:48:36Z	coolify-sentinel	9.562MiB / 7.755GiB	2.11%
2026-10-07T18:48:36Z	coolify	341.8MiB / 7.755GiB	0.27%
2026-10-07T18:48:36Z	coolify-db	35.02MiB / 7.755GiB	0.00%
2026-10-07T18:48:36Z	coolify-redis	9.875MiB / 7.755GiB	0.34%
2026-10-07T18:48:36Z	coolify-realtime	63.3MiB / 7.755GiB	0.40%
2026-10-07T18:48:43Z	deskcommcrm-scheduler-1	5.395MiB / 7.755GiB	0.00%
2026-10-07T18:48:43Z	deskcommcrm-app-1	240.1MiB / 768MiB	0.00%
2026-10-07T18:48:43Z	deskcommcrm-srh-1	67.62MiB / 7.755GiB	0.04%
2026-10-07T18:48:43Z	deskcommcrm-waha-1	293.2MiB / 1.25GiB	0.08%
2026-10-07T18:48:43Z	deskcommcrm-redis-1	3.238MiB / 7.755GiB	2.33%
2026-10-07T18:48:43Z	deskcommcrm-worker-1	228.8MiB / 512MiB	0.66%
2026-10-07T18:48:43Z	deskcommcrm-supabase-api-gw-1	31.48MiB / 7.755GiB	0.26%
2026-10-07T18:48:43Z	deskcommcrm-supabase-storage-1	118MiB / 7.755GiB	0.00%
2026-10-07T18:48:43Z	deskcommcrm-supabase-functions-1	26.74MiB / 7.755GiB	0.02%
2026-10-07T18:48:43Z	deskcommcrm-supabase-meta-1	110.7MiB / 7.755GiB	0.16%
2026-10-07T18:48:43Z	deskcommcrm-supabase-realtime-1	206.7MiB / 7.755GiB	0.80%
2026-10-07T18:48:43Z	deskcommcrm-supabase-auth-1	21.15MiB / 7.755GiB	0.02%
2026-10-07T18:48:43Z	deskcommcrm-supabase-supavisor-1	183.7MiB / 7.755GiB	0.41%
2026-10-07T18:48:43Z	deskcommcrm-supabase-rest-1	50MiB / 7.755GiB	0.04%
2026-10-07T18:48:43Z	deskcommcrm-supabase-db-1	325.1MiB / 7.755GiB	1.82%
2026-10-07T18:48:43Z	deskcommcrm-supabase-studio-1	216.1MiB / 7.755GiB	0.00%
2026-10-07T18:48:43Z	deskcommcrm-supabase-imgproxy-1	36.71MiB / 7.755GiB	0.00%
2026-10-07T18:48:43Z	coolify-proxy	53.16MiB / 7.755GiB	2.03%
2026-10-07T18:48:43Z	coolify-sentinel	9.559MiB / 7.755GiB	0.05%
2026-10-07T18:48:43Z	coolify	341.8MiB / 7.755GiB	0.27%
2026-10-07T18:48:43Z	coolify-db	35.02MiB / 7.755GiB	0.00%
2026-10-07T18:48:43Z	coolify-redis	9.875MiB / 7.755GiB	0.36%
2026-10-07T18:48:43Z	coolify-realtime	63.32MiB / 7.755GiB	0.33%
2026-10-07T18:48:50Z	deskcommcrm-scheduler-1	5.395MiB / 7.755GiB	0.00%
2026-10-07T18:48:50Z	deskcommcrm-app-1	240.1MiB / 768MiB	0.00%
2026-10-07T18:48:50Z	deskcommcrm-srh-1	67.62MiB / 7.755GiB	0.04%
2026-10-07T18:48:50Z	deskcommcrm-waha-1	293.2MiB / 1.25GiB	0.06%
2026-10-07T18:48:50Z	deskcommcrm-redis-1	3.238MiB / 7.755GiB	0.26%
2026-10-07T18:48:50Z	deskcommcrm-worker-1	229MiB / 512MiB	1.23%
2026-10-07T18:48:50Z	deskcommcrm-supabase-api-gw-1	31.47MiB / 7.755GiB	0.53%
2026-10-07T18:48:50Z	deskcommcrm-supabase-storage-1	118MiB / 7.755GiB	0.01%
2026-10-07T18:48:50Z	deskcommcrm-supabase-functions-1	26.74MiB / 7.755GiB	0.01%
2026-10-07T18:48:50Z	deskcommcrm-supabase-meta-1	110.7MiB / 7.755GiB	0.21%
2026-10-07T18:48:50Z	deskcommcrm-supabase-realtime-1	206.7MiB / 7.755GiB	0.50%
2026-10-07T18:48:50Z	deskcommcrm-supabase-auth-1	21.15MiB / 7.755GiB	0.02%
2026-10-07T18:48:50Z	deskcommcrm-supabase-supavisor-1	183.7MiB / 7.755GiB	0.42%
2026-10-07T18:48:50Z	deskcommcrm-supabase-rest-1	50.03MiB / 7.755GiB	3.20%
2026-10-07T18:48:50Z	deskcommcrm-supabase-db-1	314.6MiB / 7.755GiB	7.55%
2026-10-07T18:48:50Z	deskcommcrm-supabase-studio-1	216.1MiB / 7.755GiB	0.03%
2026-10-07T18:48:50Z	deskcommcrm-supabase-imgproxy-1	36.71MiB / 7.755GiB	0.00%
2026-10-07T18:48:50Z	coolify-proxy	53.16MiB / 7.755GiB	0.38%
2026-10-07T18:48:50Z	coolify-sentinel	9.539MiB / 7.755GiB	0.04%
2026-10-07T18:48:50Z	coolify	341.8MiB / 7.755GiB	0.32%
2026-10-07T18:48:50Z	coolify-db	35.02MiB / 7.755GiB	2.61%
2026-10-07T18:48:50Z	coolify-redis	9.871MiB / 7.755GiB	1.82%
2026-10-07T18:48:50Z	coolify-realtime	63.34MiB / 7.755GiB	2.02%
2026-10-07T18:48:57Z	deskcommcrm-scheduler-1	5.395MiB / 7.755GiB	0.00%
2026-10-07T18:48:57Z	deskcommcrm-app-1	240.1MiB / 768MiB	0.00%
2026-10-07T18:48:57Z	deskcommcrm-srh-1	67.62MiB / 7.755GiB	0.04%
2026-10-07T18:48:57Z	deskcommcrm-waha-1	293.2MiB / 1.25GiB	0.05%
2026-10-07T18:48:57Z	deskcommcrm-redis-1	3.238MiB / 7.755GiB	0.27%
2026-10-07T18:48:57Z	deskcommcrm-worker-1	228.9MiB / 512MiB	0.17%
2026-10-07T18:48:57Z	deskcommcrm-supabase-api-gw-1	31.46MiB / 7.755GiB	0.29%
2026-10-07T18:48:57Z	deskcommcrm-supabase-storage-1	118MiB / 7.755GiB	0.03%
2026-10-07T18:48:57Z	deskcommcrm-supabase-functions-1	26.74MiB / 7.755GiB	0.01%
2026-10-07T18:48:57Z	deskcommcrm-supabase-meta-1	110.7MiB / 7.755GiB	0.16%
2026-10-07T18:48:57Z	deskcommcrm-supabase-realtime-1	206.7MiB / 7.755GiB	0.37%
2026-10-07T18:48:57Z	deskcommcrm-supabase-auth-1	21.15MiB / 7.755GiB	1.89%
2026-10-07T18:48:57Z	deskcommcrm-supabase-supavisor-1	183.7MiB / 7.755GiB	0.19%
2026-10-07T18:48:57Z	deskcommcrm-supabase-rest-1	50.02MiB / 7.755GiB	0.04%
2026-10-07T18:48:57Z	deskcommcrm-supabase-db-1	312.4MiB / 7.755GiB	1.24%
2026-10-07T18:48:57Z	deskcommcrm-supabase-studio-1	216.1MiB / 7.755GiB	0.00%
2026-10-07T18:48:57Z	deskcommcrm-supabase-imgproxy-1	36.71MiB / 7.755GiB	0.00%
2026-10-07T18:48:57Z	coolify-proxy	53.15MiB / 7.755GiB	0.08%
2026-10-07T18:48:57Z	coolify-sentinel	9.543MiB / 7.755GiB	0.03%
2026-10-07T18:48:57Z	coolify	359.2MiB / 7.755GiB	6.14%
2026-10-07T18:48:57Z	coolify-db	35.02MiB / 7.755GiB	0.00%
2026-10-07T18:48:57Z	coolify-redis	9.871MiB / 7.755GiB	0.36%
2026-10-07T18:48:57Z	coolify-realtime	63.34MiB / 7.755GiB	0.32%
