2026-10-07T18:36:20Z	deskcommcrm-scheduler-1	5.395MiB / 7.755GiB	0.00%
2026-10-07T18:36:20Z	deskcommcrm-app-1	231.5MiB / 768MiB	0.00%
2026-10-07T18:36:20Z	deskcommcrm-srh-1	64.99MiB / 7.755GiB	0.04%
2026-10-07T18:36:20Z	deskcommcrm-waha-1	248.8MiB / 1.25GiB	0.04%
2026-10-07T18:36:20Z	deskcommcrm-redis-1	3.23MiB / 7.755GiB	0.28%
2026-10-07T18:36:20Z	deskcommcrm-worker-1	225.7MiB / 512MiB	0.87%
2026-10-07T18:36:20Z	deskcommcrm-supabase-api-gw-1	29.27MiB / 7.755GiB	0.39%
2026-10-07T18:36:20Z	deskcommcrm-supabase-storage-1	112.7MiB / 7.755GiB	1.67%
2026-10-07T18:36:20Z	deskcommcrm-supabase-functions-1	26.74MiB / 7.755GiB	1.76%
2026-10-07T18:36:20Z	deskcommcrm-supabase-meta-1	110.6MiB / 7.755GiB	6.95%
2026-10-07T18:36:20Z	deskcommcrm-supabase-realtime-1	205.9MiB / 7.755GiB	0.14%
2026-10-07T18:36:20Z	deskcommcrm-supabase-auth-1	19.01MiB / 7.755GiB	0.01%
2026-10-07T18:36:20Z	deskcommcrm-supabase-supavisor-1	182.6MiB / 7.755GiB	0.22%
2026-10-07T18:36:20Z	deskcommcrm-supabase-rest-1	44.57MiB / 7.755GiB	2.51%
2026-10-07T18:36:20Z	deskcommcrm-supabase-db-1	219.8MiB / 7.755GiB	1.54%
2026-10-07T18:36:20Z	deskcommcrm-supabase-studio-1	213.7MiB / 7.755GiB	0.00%
2026-10-07T18:36:20Z	deskcommcrm-supabase-imgproxy-1	31.81MiB / 7.755GiB	4.38%
2026-10-07T18:36:20Z	coolify-proxy	42.37MiB / 7.755GiB	0.30%
2026-10-07T18:36:20Z	coolify-sentinel	9.246MiB / 7.755GiB	0.03%
2026-10-07T18:36:20Z	coolify	345.8MiB / 7.755GiB	0.20%
2026-10-07T18:36:20Z	coolify-db	35.56MiB / 7.755GiB	0.00%
2026-10-07T18:36:20Z	coolify-redis	10.35MiB / 7.755GiB	0.31%
2026-10-07T18:36:20Z	coolify-realtime	62.8MiB / 7.755GiB	0.28%
2026-10-07T18:36:52Z	deskcommcrm-scheduler-1	5.395MiB / 7.755GiB	0.00%
2026-10-07T18:36:52Z	deskcommcrm-app-1	231.5MiB / 768MiB	0.00%
2026-10-07T18:36:52Z	deskcommcrm-srh-1	64.99MiB / 7.755GiB	0.07%
2026-10-07T18:36:52Z	deskcommcrm-waha-1	248.9MiB / 1.25GiB	0.07%
2026-10-07T18:36:52Z	deskcommcrm-redis-1	3.23MiB / 7.755GiB	0.27%
2026-10-07T18:36:52Z	deskcommcrm-worker-1	225.8MiB / 512MiB	0.04%
2026-10-07T18:36:52Z	deskcommcrm-supabase-api-gw-1	29.27MiB / 7.755GiB	0.25%
2026-10-07T18:36:52Z	deskcommcrm-supabase-storage-1	112.8MiB / 7.755GiB	0.00%
2026-10-07T18:36:52Z	deskcommcrm-supabase-functions-1	26.75MiB / 7.755GiB	0.01%
2026-10-07T18:36:52Z	deskcommcrm-supabase-meta-1	110.6MiB / 7.755GiB	0.12%
2026-10-07T18:36:52Z	deskcommcrm-supabase-realtime-1	206.1MiB / 7.755GiB	0.13%
2026-10-07T18:36:52Z	deskcommcrm-supabase-auth-1	19.01MiB / 7.755GiB	0.00%
2026-10-07T18:36:52Z	deskcommcrm-supabase-supavisor-1	182.6MiB / 7.755GiB	0.19%
2026-10-07T18:36:52Z	deskcommcrm-supabase-rest-1	44.56MiB / 7.755GiB	0.04%
2026-10-07T18:36:52Z	deskcommcrm-supabase-db-1	223.4MiB / 7.755GiB	0.04%
2026-10-07T18:36:52Z	deskcommcrm-supabase-studio-1	213.7MiB / 7.755GiB	0.00%
2026-10-07T18:36:52Z	deskcommcrm-supabase-imgproxy-1	32.65MiB / 7.755GiB	0.00%
2026-10-07T18:36:52Z	coolify-proxy	42.38MiB / 7.755GiB	0.04%
2026-10-07T18:36:52Z	coolify-sentinel	9.277MiB / 7.755GiB	0.03%
2026-10-07T18:36:52Z	coolify	345.8MiB / 7.755GiB	0.28%
2026-10-07T18:36:52Z	coolify-db	35.57MiB / 7.755GiB	0.46%
2026-10-07T18:36:52Z	coolify-redis	9.957MiB / 7.755GiB	0.39%
2026-10-07T18:36:52Z	coolify-realtime	62.91MiB / 7.755GiB	0.35%
2026-10-07T18:37:24Z	deskcommcrm-scheduler-1	5.395MiB / 7.755GiB	0.00%
2026-10-07T18:37:24Z	deskcommcrm-app-1	232.3MiB / 768MiB	0.00%
2026-10-07T18:37:24Z	deskcommcrm-srh-1	64.99MiB / 7.755GiB	0.05%
2026-10-07T18:37:24Z	deskcommcrm-waha-1	248.9MiB / 1.25GiB	0.05%
2026-10-07T18:37:24Z	deskcommcrm-redis-1	3.23MiB / 7.755GiB	0.29%
2026-10-07T18:37:24Z	deskcommcrm-worker-1	225.8MiB / 512MiB	0.08%
2026-10-07T18:37:24Z	deskcommcrm-supabase-api-gw-1	29.27MiB / 7.755GiB	0.25%
2026-10-07T18:37:24Z	deskcommcrm-supabase-storage-1	112.9MiB / 7.755GiB	0.00%
2026-10-07T18:37:24Z	deskcommcrm-supabase-functions-1	26.74MiB / 7.755GiB	0.01%
2026-10-07T18:37:24Z	deskcommcrm-supabase-meta-1	110.6MiB / 7.755GiB	0.11%
2026-10-07T18:37:24Z	deskcommcrm-supabase-realtime-1	206.2MiB / 7.755GiB	0.21%
2026-10-07T18:37:24Z	deskcommcrm-supabase-auth-1	19.01MiB / 7.755GiB	0.00%
2026-10-07T18:37:24Z	deskcommcrm-supabase-supavisor-1	182.6MiB / 7.755GiB	0.23%
2026-10-07T18:37:24Z	deskcommcrm-supabase-rest-1	44.57MiB / 7.755GiB	0.04%
2026-10-07T18:37:24Z	deskcommcrm-supabase-db-1	220MiB / 7.755GiB	0.04%
2026-10-07T18:37:24Z	deskcommcrm-supabase-studio-1	213.7MiB / 7.755GiB	0.01%
2026-10-07T18:37:24Z	deskcommcrm-supabase-imgproxy-1	32.93MiB / 7.755GiB	5.60%
2026-10-07T18:37:24Z	coolify-proxy	42.59MiB / 7.755GiB	0.07%
2026-10-07T18:37:24Z	coolify-sentinel	9.277MiB / 7.755GiB	0.03%
2026-10-07T18:37:24Z	coolify	341.5MiB / 7.755GiB	0.33%
2026-10-07T18:37:24Z	coolify-db	34.97MiB / 7.755GiB	0.00%
2026-10-07T18:37:24Z	coolify-redis	9.977MiB / 7.755GiB	0.40%
2026-10-07T18:37:24Z	coolify-realtime	63MiB / 7.755GiB	0.36%
2026-10-07T18:37:56Z	deskcommcrm-scheduler-1	5.395MiB / 7.755GiB	0.00%
2026-10-07T18:37:56Z	deskcommcrm-app-1	232.3MiB / 768MiB	0.00%
2026-10-07T18:37:56Z	deskcommcrm-srh-1	64.99MiB / 7.755GiB	0.07%
2026-10-07T18:37:56Z	deskcommcrm-waha-1	248.9MiB / 1.25GiB	0.05%
2026-10-07T18:37:56Z	deskcommcrm-redis-1	3.23MiB / 7.755GiB	0.30%
2026-10-07T18:37:56Z	deskcommcrm-worker-1	226.2MiB / 512MiB	0.12%
2026-10-07T18:37:56Z	deskcommcrm-supabase-api-gw-1	29.27MiB / 7.755GiB	0.39%
2026-10-07T18:37:56Z	deskcommcrm-supabase-storage-1	112.9MiB / 7.755GiB	1.91%
2026-10-07T18:37:56Z	deskcommcrm-supabase-functions-1	26.74MiB / 7.755GiB	1.93%
2026-10-07T18:37:56Z	deskcommcrm-supabase-meta-1	110.6MiB / 7.755GiB	7.76%
2026-10-07T18:37:56Z	deskcommcrm-supabase-realtime-1	206.3MiB / 7.755GiB	2.90%
2026-10-07T18:37:56Z	deskcommcrm-supabase-auth-1	19.01MiB / 7.755GiB	0.02%
2026-10-07T18:37:56Z	deskcommcrm-supabase-supavisor-1	182.6MiB / 7.755GiB	0.56%
2026-10-07T18:37:56Z	deskcommcrm-supabase-rest-1	44.56MiB / 7.755GiB	0.06%
2026-10-07T18:37:56Z	deskcommcrm-supabase-db-1	220MiB / 7.755GiB	2.60%
2026-10-07T18:37:56Z	deskcommcrm-supabase-studio-1	213.7MiB / 7.755GiB	0.00%
2026-10-07T18:37:56Z	deskcommcrm-supabase-imgproxy-1	33.34MiB / 7.755GiB	0.00%
2026-10-07T18:37:56Z	coolify-proxy	42.6MiB / 7.755GiB	0.36%
2026-10-07T18:37:56Z	coolify-sentinel	9.277MiB / 7.755GiB	2.04%
2026-10-07T18:37:56Z	coolify	341.5MiB / 7.755GiB	3.85%
2026-10-07T18:37:56Z	coolify-db	34.97MiB / 7.755GiB	2.19%
2026-10-07T18:37:56Z	coolify-redis	9.977MiB / 7.755GiB	2.40%
2026-10-07T18:37:56Z	coolify-realtime	63.04MiB / 7.755GiB	0.37%
2026-10-07T18:38:28Z	deskcommcrm-scheduler-1	5.395MiB / 7.755GiB	0.00%
2026-10-07T18:38:28Z	deskcommcrm-app-1	233.8MiB / 768MiB	0.00%
2026-10-07T18:38:28Z	deskcommcrm-srh-1	64.99MiB / 7.755GiB	0.04%
2026-10-07T18:38:28Z	deskcommcrm-waha-1	248.9MiB / 1.25GiB	0.05%
2026-10-07T18:38:28Z	deskcommcrm-redis-1	3.23MiB / 7.755GiB	0.29%
2026-10-07T18:38:28Z	deskcommcrm-worker-1	226.3MiB / 512MiB	0.16%
2026-10-07T18:38:28Z	deskcommcrm-supabase-api-gw-1	29.7MiB / 7.755GiB	2.07%
2026-10-07T18:38:28Z	deskcommcrm-supabase-storage-1	112.9MiB / 7.755GiB	0.00%
2026-10-07T18:38:28Z	deskcommcrm-supabase-functions-1	26.74MiB / 7.755GiB	0.01%
2026-10-07T18:38:28Z	deskcommcrm-supabase-meta-1	110.6MiB / 7.755GiB	0.18%
2026-10-07T18:38:28Z	deskcommcrm-supabase-realtime-1	206.3MiB / 7.755GiB	0.99%
2026-10-07T18:38:28Z	deskcommcrm-supabase-auth-1	19.04MiB / 7.755GiB	1.60%
2026-10-07T18:38:28Z	deskcommcrm-supabase-supavisor-1	182.6MiB / 7.755GiB	0.21%
2026-10-07T18:38:28Z	deskcommcrm-supabase-rest-1	44.57MiB / 7.755GiB	0.03%
2026-10-07T18:38:28Z	deskcommcrm-supabase-db-1	220.2MiB / 7.755GiB	0.47%
2026-10-07T18:38:28Z	deskcommcrm-supabase-studio-1	213.7MiB / 7.755GiB	0.00%
2026-10-07T18:38:28Z	deskcommcrm-supabase-imgproxy-1	33.43MiB / 7.755GiB	0.00%
2026-10-07T18:38:28Z	coolify-proxy	42.61MiB / 7.755GiB	0.15%
2026-10-07T18:38:28Z	coolify-sentinel	9.254MiB / 7.755GiB	0.03%
2026-10-07T18:38:28Z	coolify	340.7MiB / 7.755GiB	0.25%
2026-10-07T18:38:28Z	coolify-db	34.66MiB / 7.755GiB	0.01%
2026-10-07T18:38:28Z	coolify-redis	9.98MiB / 7.755GiB	0.35%
2026-10-07T18:38:28Z	coolify-realtime	63.14MiB / 7.755GiB	0.33%
2026-10-07T18:39:00Z	deskcommcrm-scheduler-1	5.516MiB / 7.755GiB	0.00%
2026-10-07T18:39:00Z	deskcommcrm-app-1	235.8MiB / 768MiB	0.02%
2026-10-07T18:39:00Z	deskcommcrm-srh-1	64.99MiB / 7.755GiB	0.04%
2026-10-07T18:39:00Z	deskcommcrm-waha-1	248.9MiB / 1.25GiB	0.07%
2026-10-07T18:39:00Z	deskcommcrm-redis-1	3.23MiB / 7.755GiB	0.32%
2026-10-07T18:39:00Z	deskcommcrm-worker-1	226.3MiB / 512MiB	0.24%
2026-10-07T18:39:00Z	deskcommcrm-supabase-api-gw-1	29.68MiB / 7.755GiB	0.30%
2026-10-07T18:39:00Z	deskcommcrm-supabase-storage-1	112.9MiB / 7.755GiB	0.00%
2026-10-07T18:39:00Z	deskcommcrm-supabase-functions-1	26.74MiB / 7.755GiB	0.01%
2026-10-07T18:39:00Z	deskcommcrm-supabase-meta-1	110.6MiB / 7.755GiB	0.20%
2026-10-07T18:39:00Z	deskcommcrm-supabase-realtime-1	206.3MiB / 7.755GiB	0.40%
2026-10-07T18:39:00Z	deskcommcrm-supabase-auth-1	18.89MiB / 7.755GiB	0.01%
2026-10-07T18:39:00Z	deskcommcrm-supabase-supavisor-1	182.7MiB / 7.755GiB	0.36%
2026-10-07T18:39:00Z	deskcommcrm-supabase-rest-1	44.57MiB / 7.755GiB	4.65%
2026-10-07T18:39:00Z	deskcommcrm-supabase-db-1	222.3MiB / 7.755GiB	1.77%
2026-10-07T18:39:00Z	deskcommcrm-supabase-studio-1	213.7MiB / 7.755GiB	0.02%
2026-10-07T18:39:00Z	deskcommcrm-supabase-imgproxy-1	33.6MiB / 7.755GiB	5.02%
2026-10-07T18:39:00Z	coolify-proxy	43.01MiB / 7.755GiB	0.08%
2026-10-07T18:39:00Z	coolify-sentinel	9.281MiB / 7.755GiB	0.04%
2026-10-07T18:39:00Z	coolify	340.7MiB / 7.755GiB	1.38%
2026-10-07T18:39:00Z	coolify-db	34.66MiB / 7.755GiB	0.30%
2026-10-07T18:39:00Z	coolify-redis	10.23MiB / 7.755GiB	0.37%
2026-10-07T18:39:00Z	coolify-realtime	62.47MiB / 7.755GiB	0.35%
2026-10-07T18:39:32Z	deskcommcrm-scheduler-1	5.398MiB / 7.755GiB	0.00%
2026-10-07T18:39:32Z	deskcommcrm-app-1	235.6MiB / 768MiB	0.00%
2026-10-07T18:39:32Z	deskcommcrm-srh-1	64.99MiB / 7.755GiB	0.04%
2026-10-07T18:39:32Z	deskcommcrm-waha-1	248.9MiB / 1.25GiB	0.07%
2026-10-07T18:39:32Z	deskcommcrm-redis-1	3.23MiB / 7.755GiB	0.29%
2026-10-07T18:39:32Z	deskcommcrm-worker-1	226.6MiB / 512MiB	0.17%
2026-10-07T18:39:32Z	deskcommcrm-supabase-api-gw-1	29.68MiB / 7.755GiB	0.39%
2026-10-07T18:39:32Z	deskcommcrm-supabase-storage-1	112.9MiB / 7.755GiB	0.01%
2026-10-07T18:39:32Z	deskcommcrm-supabase-functions-1	26.74MiB / 7.755GiB	0.01%
2026-10-07T18:39:32Z	deskcommcrm-supabase-meta-1	110.6MiB / 7.755GiB	7.65%
2026-10-07T18:39:32Z	deskcommcrm-supabase-realtime-1	206.3MiB / 7.755GiB	0.47%
2026-10-07T18:39:32Z	deskcommcrm-supabase-auth-1	18.89MiB / 7.755GiB	0.04%
2026-10-07T18:39:32Z	deskcommcrm-supabase-supavisor-1	182.8MiB / 7.755GiB	0.18%
2026-10-07T18:39:32Z	deskcommcrm-supabase-rest-1	44.57MiB / 7.755GiB	0.04%
2026-10-07T18:39:32Z	deskcommcrm-supabase-db-1	220.2MiB / 7.755GiB	0.13%
2026-10-07T18:39:32Z	deskcommcrm-supabase-studio-1	213.7MiB / 7.755GiB	0.00%
2026-10-07T18:39:32Z	deskcommcrm-supabase-imgproxy-1	33.82MiB / 7.755GiB	0.00%
2026-10-07T18:39:32Z	coolify-proxy	42.98MiB / 7.755GiB	0.09%
2026-10-07T18:39:32Z	coolify-sentinel	9.281MiB / 7.755GiB	0.03%
2026-10-07T18:39:32Z	coolify	340.7MiB / 7.755GiB	3.66%
2026-10-07T18:39:32Z	coolify-db	34.66MiB / 7.755GiB	0.00%
2026-10-07T18:39:32Z	coolify-redis	9.98MiB / 7.755GiB	0.38%
2026-10-07T18:39:32Z	coolify-realtime	62.55MiB / 7.755GiB	2.32%
2026-10-07T18:40:05Z	deskcommcrm-scheduler-1	5.672MiB / 7.755GiB	0.00%
2026-10-07T18:40:05Z	deskcommcrm-app-1	240.8MiB / 768MiB	0.10%
2026-10-07T18:40:05Z	deskcommcrm-srh-1	64.99MiB / 7.755GiB	0.04%
2026-10-07T18:40:05Z	deskcommcrm-waha-1	248.9MiB / 1.25GiB	0.07%
2026-10-07T18:40:05Z	deskcommcrm-redis-1	3.23MiB / 7.755GiB	0.22%
2026-10-07T18:40:05Z	deskcommcrm-worker-1	226.6MiB / 512MiB	0.07%
2026-10-07T18:40:05Z	deskcommcrm-supabase-api-gw-1	29.69MiB / 7.755GiB	0.17%
2026-10-07T18:40:05Z	deskcommcrm-supabase-storage-1	112.9MiB / 7.755GiB	0.00%
2026-10-07T18:40:05Z	deskcommcrm-supabase-functions-1	26.74MiB / 7.755GiB	0.01%
2026-10-07T18:40:05Z	deskcommcrm-supabase-meta-1	110.6MiB / 7.755GiB	0.14%
2026-10-07T18:40:05Z	deskcommcrm-supabase-realtime-1	206.3MiB / 7.755GiB	0.19%
2026-10-07T18:40:05Z	deskcommcrm-supabase-auth-1	18.89MiB / 7.755GiB	0.00%
2026-10-07T18:40:05Z	deskcommcrm-supabase-supavisor-1	182.8MiB / 7.755GiB	0.31%
2026-10-07T18:40:05Z	deskcommcrm-supabase-rest-1	44.57MiB / 7.755GiB	0.03%
2026-10-07T18:40:05Z	deskcommcrm-supabase-db-1	222.6MiB / 7.755GiB	0.12%
2026-10-07T18:40:05Z	deskcommcrm-supabase-studio-1	213.7MiB / 7.755GiB	0.00%
2026-10-07T18:40:05Z	deskcommcrm-supabase-imgproxy-1	34.04MiB / 7.755GiB	0.77%
2026-10-07T18:40:05Z	coolify-proxy	43.16MiB / 7.755GiB	0.07%
2026-10-07T18:40:05Z	coolify-sentinel	9.316MiB / 7.755GiB	2.18%
2026-10-07T18:40:05Z	coolify	340.7MiB / 7.755GiB	0.23%
2026-10-07T18:40:05Z	coolify-db	34.66MiB / 7.755GiB	0.00%
2026-10-07T18:40:05Z	coolify-redis	9.988MiB / 7.755GiB	1.60%
2026-10-07T18:40:05Z	coolify-realtime	63.52MiB / 7.755GiB	0.29%
2026-10-07T18:40:37Z	deskcommcrm-scheduler-1	5.398MiB / 7.755GiB	0.00%
2026-10-07T18:40:37Z	deskcommcrm-app-1	240.8MiB / 768MiB	0.00%
2026-10-07T18:40:37Z	deskcommcrm-srh-1	64.99MiB / 7.755GiB	0.04%
2026-10-07T18:40:37Z	deskcommcrm-waha-1	248.9MiB / 1.25GiB	0.07%
2026-10-07T18:40:37Z	deskcommcrm-redis-1	3.23MiB / 7.755GiB	0.30%
2026-10-07T18:40:37Z	deskcommcrm-worker-1	226.8MiB / 512MiB	0.68%
2026-10-07T18:40:37Z	deskcommcrm-supabase-api-gw-1	29.69MiB / 7.755GiB	0.49%
2026-10-07T18:40:37Z	deskcommcrm-supabase-storage-1	112.9MiB / 7.755GiB	1.77%
2026-10-07T18:40:37Z	deskcommcrm-supabase-functions-1	26.74MiB / 7.755GiB	1.81%
2026-10-07T18:40:37Z	deskcommcrm-supabase-meta-1	110.6MiB / 7.755GiB	0.15%
2026-10-07T18:40:37Z	deskcommcrm-supabase-realtime-1	206.3MiB / 7.755GiB	0.06%
2026-10-07T18:40:37Z	deskcommcrm-supabase-auth-1	18.89MiB / 7.755GiB	0.00%
2026-10-07T18:40:37Z	deskcommcrm-supabase-supavisor-1	182.8MiB / 7.755GiB	0.34%
2026-10-07T18:40:37Z	deskcommcrm-supabase-rest-1	44.57MiB / 7.755GiB	2.53%
2026-10-07T18:40:37Z	deskcommcrm-supabase-db-1	219.5MiB / 7.755GiB	4.03%
2026-10-07T18:40:37Z	deskcommcrm-supabase-studio-1	213.8MiB / 7.755GiB	5.36%
2026-10-07T18:40:37Z	deskcommcrm-supabase-imgproxy-1	34.07MiB / 7.755GiB	0.00%
2026-10-07T18:40:37Z	coolify-proxy	43.16MiB / 7.755GiB	0.38%
2026-10-07T18:40:37Z	coolify-sentinel	9.277MiB / 7.755GiB	0.03%
2026-10-07T18:40:37Z	coolify	340.7MiB / 7.755GiB	0.25%
2026-10-07T18:40:37Z	coolify-db	34.67MiB / 7.755GiB	2.22%
2026-10-07T18:40:37Z	coolify-redis	9.969MiB / 7.755GiB	2.15%
2026-10-07T18:40:37Z	coolify-realtime	63.58MiB / 7.755GiB	0.35%
2026-10-07T18:41:09Z	deskcommcrm-scheduler-1	5.395MiB / 7.755GiB	0.01%
2026-10-07T18:41:09Z	deskcommcrm-app-1	242.8MiB / 768MiB	0.09%
2026-10-07T18:41:09Z	deskcommcrm-srh-1	64.99MiB / 7.755GiB	0.04%
2026-10-07T18:41:09Z	deskcommcrm-waha-1	249.2MiB / 1.25GiB	0.06%
2026-10-07T18:41:09Z	deskcommcrm-redis-1	3.23MiB / 7.755GiB	0.25%
2026-10-07T18:41:09Z	deskcommcrm-worker-1	226.9MiB / 512MiB	0.20%
2026-10-07T18:41:09Z	deskcommcrm-supabase-api-gw-1	29.7MiB / 7.755GiB	1.84%
2026-10-07T18:41:09Z	deskcommcrm-supabase-storage-1	112.9MiB / 7.755GiB	0.01%
2026-10-07T18:41:09Z	deskcommcrm-supabase-functions-1	26.74MiB / 7.755GiB	0.01%
2026-10-07T18:41:09Z	deskcommcrm-supabase-meta-1	110.6MiB / 7.755GiB	7.95%
2026-10-07T18:41:09Z	deskcommcrm-supabase-realtime-1	206.3MiB / 7.755GiB	0.14%
2026-10-07T18:41:09Z	deskcommcrm-supabase-auth-1	18.89MiB / 7.755GiB	0.01%
2026-10-07T18:41:09Z	deskcommcrm-supabase-supavisor-1	183MiB / 7.755GiB	0.20%
2026-10-07T18:41:09Z	deskcommcrm-supabase-rest-1	44.59MiB / 7.755GiB	0.08%
2026-10-07T18:41:09Z	deskcommcrm-supabase-db-1	220.6MiB / 7.755GiB	0.37%
2026-10-07T18:41:09Z	deskcommcrm-supabase-studio-1	213.8MiB / 7.755GiB	0.00%
2026-10-07T18:41:09Z	deskcommcrm-supabase-imgproxy-1	34.1MiB / 7.755GiB	0.00%
2026-10-07T18:41:09Z	coolify-proxy	43.18MiB / 7.755GiB	0.06%
2026-10-07T18:41:09Z	coolify-sentinel	9.328MiB / 7.755GiB	0.03%
2026-10-07T18:41:09Z	coolify	340.7MiB / 7.755GiB	0.33%
2026-10-07T18:41:09Z	coolify-db	34.66MiB / 7.755GiB	0.00%
2026-10-07T18:41:09Z	coolify-redis	9.953MiB / 7.755GiB	0.37%
2026-10-07T18:41:09Z	coolify-realtime	63.68MiB / 7.755GiB	0.39%
