2026-10-07T16:05:51Z	deskcommcrm-app-1	194.5MiB / 768MiB	19.79%
2026-10-07T16:05:51Z	deskcommcrm-scheduler-1	2.457MiB / 7.755GiB	0.00%
2026-10-07T16:05:51Z	deskcommcrm-srh-1	7.039MiB / 7.755GiB	0.01%
2026-10-07T16:05:51Z	deskcommcrm-waha-1	107.2MiB / 1.25GiB	0.07%
2026-10-07T16:05:51Z	deskcommcrm-redis-1	1.402MiB / 7.755GiB	0.32%
2026-10-07T16:05:51Z	deskcommcrm-worker-1	116.2MiB / 512MiB	0.19%
2026-10-07T16:05:51Z	deskcommcrm-supabase-functions-1	2.527MiB / 7.755GiB	0.01%
2026-10-07T16:05:51Z	deskcommcrm-supabase-storage-1	24.29MiB / 7.755GiB	0.32%
2026-10-07T16:05:51Z	deskcommcrm-supabase-realtime-1	50.57MiB / 7.755GiB	0.10%
2026-10-07T16:05:51Z	deskcommcrm-supabase-meta-1	28.55MiB / 7.755GiB	7.73%
2026-10-07T16:05:51Z	deskcommcrm-supabase-auth-1	12.09MiB / 7.755GiB	1.95%
2026-10-07T16:05:51Z	deskcommcrm-supabase-supavisor-1	39MiB / 7.755GiB	0.27%
2026-10-07T16:05:51Z	deskcommcrm-supabase-api-gw-1	16.07MiB / 7.755GiB	0.22%
2026-10-07T16:05:51Z	deskcommcrm-supabase-rest-1	44.4MiB / 7.755GiB	2.40%
2026-10-07T16:05:51Z	deskcommcrm-supabase-db-1	204.2MiB / 7.755GiB	2.87%
2026-10-07T16:05:51Z	deskcommcrm-supabase-studio-1	115MiB / 7.755GiB	0.00%
2026-10-07T16:05:51Z	deskcommcrm-supabase-imgproxy-1	23.68MiB / 7.755GiB	0.00%
2026-10-07T16:05:51Z	coolify-sentinel	7.629MiB / 7.755GiB	0.03%
2026-10-07T16:05:51Z	coolify-proxy	112.1MiB / 7.755GiB	0.23%
2026-10-07T16:05:51Z	coolify	134.4MiB / 7.755GiB	0.36%
2026-10-07T16:05:51Z	coolify-db	18.8MiB / 7.755GiB	0.00%
2026-10-07T16:05:51Z	coolify-redis	8.508MiB / 7.755GiB	0.35%
2026-10-07T16:05:51Z	coolify-realtime	20.79MiB / 7.755GiB	0.35%
2026-10-07T16:05:59Z	deskcommcrm-app-1	195.7MiB / 768MiB	10.06%
2026-10-07T16:05:59Z	deskcommcrm-scheduler-1	2.578MiB / 7.755GiB	3.68%
2026-10-07T16:05:59Z	deskcommcrm-srh-1	7.039MiB / 7.755GiB	0.02%
2026-10-07T16:05:59Z	deskcommcrm-waha-1	107.2MiB / 1.25GiB	0.07%
2026-10-07T16:05:59Z	deskcommcrm-redis-1	1.402MiB / 7.755GiB	0.31%
2026-10-07T16:05:59Z	deskcommcrm-worker-1	116.2MiB / 512MiB	0.07%
2026-10-07T16:05:59Z	deskcommcrm-supabase-functions-1	2.531MiB / 7.755GiB	1.88%
2026-10-07T16:05:59Z	deskcommcrm-supabase-storage-1	24.29MiB / 7.755GiB	0.01%
2026-10-07T16:05:59Z	deskcommcrm-supabase-realtime-1	50.57MiB / 7.755GiB	0.50%
2026-10-07T16:05:59Z	deskcommcrm-supabase-meta-1	28.55MiB / 7.755GiB	0.17%
2026-10-07T16:05:59Z	deskcommcrm-supabase-auth-1	12.09MiB / 7.755GiB	0.01%
2026-10-07T16:05:59Z	deskcommcrm-supabase-supavisor-1	39.05MiB / 7.755GiB	0.19%
2026-10-07T16:05:59Z	deskcommcrm-supabase-api-gw-1	16.08MiB / 7.755GiB	3.62%
2026-10-07T16:05:59Z	deskcommcrm-supabase-rest-1	44.58MiB / 7.755GiB	1.76%
2026-10-07T16:05:59Z	deskcommcrm-supabase-db-1	208MiB / 7.755GiB	2.77%
2026-10-07T16:05:59Z	deskcommcrm-supabase-studio-1	115MiB / 7.755GiB	0.00%
2026-10-07T16:05:59Z	deskcommcrm-supabase-imgproxy-1	23.67MiB / 7.755GiB	0.00%
2026-10-07T16:05:59Z	coolify-sentinel	7.664MiB / 7.755GiB	0.03%
2026-10-07T16:05:59Z	coolify-proxy	112.2MiB / 7.755GiB	1.57%
2026-10-07T16:05:59Z	coolify	197.5MiB / 7.755GiB	105.09%
2026-10-07T16:05:59Z	coolify-db	20.99MiB / 7.755GiB	2.34%
2026-10-07T16:05:59Z	coolify-redis	8.527MiB / 7.755GiB	0.74%
2026-10-07T16:05:59Z	coolify-realtime	20.79MiB / 7.755GiB	2.36%
2026-10-07T16:06:06Z	deskcommcrm-app-1	195.6MiB / 768MiB	0.00%
2026-10-07T16:06:06Z	deskcommcrm-scheduler-1	2.574MiB / 7.755GiB	0.00%
2026-10-07T16:06:06Z	deskcommcrm-srh-1	7.047MiB / 7.755GiB	0.01%
2026-10-07T16:06:06Z	deskcommcrm-waha-1	107.2MiB / 1.25GiB	0.06%
2026-10-07T16:06:06Z	deskcommcrm-redis-1	1.402MiB / 7.755GiB	0.29%
2026-10-07T16:06:06Z	deskcommcrm-worker-1	116.4MiB / 512MiB	0.18%
2026-10-07T16:06:06Z	deskcommcrm-supabase-functions-1	2.527MiB / 7.755GiB	0.01%
2026-10-07T16:06:06Z	deskcommcrm-supabase-storage-1	24.37MiB / 7.755GiB	0.00%
2026-10-07T16:06:06Z	deskcommcrm-supabase-realtime-1	50.58MiB / 7.755GiB	0.16%
2026-10-07T16:06:06Z	deskcommcrm-supabase-meta-1	28.55MiB / 7.755GiB	0.15%
2026-10-07T16:06:06Z	deskcommcrm-supabase-auth-1	12.09MiB / 7.755GiB	0.03%
2026-10-07T16:06:06Z	deskcommcrm-supabase-supavisor-1	39.06MiB / 7.755GiB	0.16%
2026-10-07T16:06:06Z	deskcommcrm-supabase-api-gw-1	16.08MiB / 7.755GiB	0.32%
2026-10-07T16:06:06Z	deskcommcrm-supabase-rest-1	44.4MiB / 7.755GiB	2.33%
2026-10-07T16:06:06Z	deskcommcrm-supabase-db-1	209MiB / 7.755GiB	1.48%
2026-10-07T16:06:06Z	deskcommcrm-supabase-studio-1	115.1MiB / 7.755GiB	7.40%
2026-10-07T16:06:06Z	deskcommcrm-supabase-imgproxy-1	23.66MiB / 7.755GiB	5.04%
2026-10-07T16:06:06Z	coolify-sentinel	7.707MiB / 7.755GiB	0.04%
2026-10-07T16:06:06Z	coolify-proxy	112.2MiB / 7.755GiB	2.16%
2026-10-07T16:06:06Z	coolify	131.2MiB / 7.755GiB	0.25%
2026-10-07T16:06:06Z	coolify-db	18.27MiB / 7.755GiB	2.35%
2026-10-07T16:06:06Z	coolify-redis	8.523MiB / 7.755GiB	2.28%
2026-10-07T16:06:06Z	coolify-realtime	20.79MiB / 7.755GiB	0.35%
2026-10-07T16:06:13Z	deskcommcrm-app-1	195.6MiB / 768MiB	0.00%
2026-10-07T16:06:13Z	deskcommcrm-scheduler-1	2.453MiB / 7.755GiB	0.00%
2026-10-07T16:06:13Z	deskcommcrm-srh-1	7.059MiB / 7.755GiB	0.02%
2026-10-07T16:06:13Z	deskcommcrm-waha-1	107.2MiB / 1.25GiB	0.07%
2026-10-07T16:06:13Z	deskcommcrm-redis-1	1.402MiB / 7.755GiB	0.27%
2026-10-07T16:06:13Z	deskcommcrm-worker-1	116.4MiB / 512MiB	0.09%
2026-10-07T16:06:13Z	deskcommcrm-supabase-functions-1	2.531MiB / 7.755GiB	0.01%
2026-10-07T16:06:13Z	deskcommcrm-supabase-storage-1	24.39MiB / 7.755GiB	1.77%
2026-10-07T16:06:13Z	deskcommcrm-supabase-realtime-1	50.58MiB / 7.755GiB	0.52%
2026-10-07T16:06:13Z	deskcommcrm-supabase-meta-1	28.55MiB / 7.755GiB	0.16%
2026-10-07T16:06:13Z	deskcommcrm-supabase-auth-1	12.09MiB / 7.755GiB	0.00%
2026-10-07T16:06:13Z	deskcommcrm-supabase-supavisor-1	39.06MiB / 7.755GiB	0.30%
2026-10-07T16:06:13Z	deskcommcrm-supabase-api-gw-1	16.08MiB / 7.755GiB	0.35%
2026-10-07T16:06:13Z	deskcommcrm-supabase-rest-1	44.4MiB / 7.755GiB	0.05%
2026-10-07T16:06:13Z	deskcommcrm-supabase-db-1	207.6MiB / 7.755GiB	0.04%
2026-10-07T16:06:13Z	deskcommcrm-supabase-studio-1	115.1MiB / 7.755GiB	0.00%
2026-10-07T16:06:13Z	deskcommcrm-supabase-imgproxy-1	23.68MiB / 7.755GiB	0.52%
2026-10-07T16:06:13Z	coolify-sentinel	7.719MiB / 7.755GiB	2.12%
2026-10-07T16:06:13Z	coolify-proxy	112.2MiB / 7.755GiB	0.11%
2026-10-07T16:06:13Z	coolify	131.2MiB / 7.755GiB	0.32%
2026-10-07T16:06:13Z	coolify-db	18.27MiB / 7.755GiB	0.07%
2026-10-07T16:06:13Z	coolify-redis	8.52MiB / 7.755GiB	0.40%
2026-10-07T16:06:13Z	coolify-realtime	20.79MiB / 7.755GiB	0.44%
2026-10-07T16:06:20Z	deskcommcrm-app-1	196.9MiB / 768MiB	7.10%
2026-10-07T16:06:20Z	deskcommcrm-scheduler-1	2.453MiB / 7.755GiB	0.00%
2026-10-07T16:06:20Z	deskcommcrm-srh-1	7.059MiB / 7.755GiB	0.02%
2026-10-07T16:06:20Z	deskcommcrm-waha-1	107.3MiB / 1.25GiB	0.07%
2026-10-07T16:06:20Z	deskcommcrm-redis-1	1.402MiB / 7.755GiB	0.32%
2026-10-07T16:06:20Z	deskcommcrm-worker-1	116.4MiB / 512MiB	0.29%
2026-10-07T16:06:20Z	deskcommcrm-supabase-functions-1	2.531MiB / 7.755GiB	0.01%
2026-10-07T16:06:20Z	deskcommcrm-supabase-storage-1	24.43MiB / 7.755GiB	0.00%
2026-10-07T16:06:20Z	deskcommcrm-supabase-realtime-1	50.59MiB / 7.755GiB	0.18%
2026-10-07T16:06:20Z	deskcommcrm-supabase-meta-1	28.55MiB / 7.755GiB	0.13%
2026-10-07T16:06:20Z	deskcommcrm-supabase-auth-1	12.09MiB / 7.755GiB	0.02%
2026-10-07T16:06:20Z	deskcommcrm-supabase-supavisor-1	39.08MiB / 7.755GiB	0.26%
2026-10-07T16:06:20Z	deskcommcrm-supabase-api-gw-1	16.09MiB / 7.755GiB	1.36%
2026-10-07T16:06:20Z	deskcommcrm-supabase-rest-1	44.88MiB / 7.755GiB	1.41%
2026-10-07T16:06:20Z	deskcommcrm-supabase-db-1	207.4MiB / 7.755GiB	3.63%
2026-10-07T16:06:20Z	deskcommcrm-supabase-studio-1	115.1MiB / 7.755GiB	0.00%
2026-10-07T16:06:20Z	deskcommcrm-supabase-imgproxy-1	23.67MiB / 7.755GiB	4.77%
2026-10-07T16:06:20Z	coolify-sentinel	7.664MiB / 7.755GiB	0.04%
2026-10-07T16:06:20Z	coolify-proxy	111.6MiB / 7.755GiB	2.63%
2026-10-07T16:06:20Z	coolify	131.2MiB / 7.755GiB	4.68%
2026-10-07T16:06:20Z	coolify-db	18.27MiB / 7.755GiB	2.20%
2026-10-07T16:06:20Z	coolify-redis	8.52MiB / 7.755GiB	0.43%
2026-10-07T16:06:20Z	coolify-realtime	20.79MiB / 7.755GiB	2.33%
2026-10-07T16:06:27Z	deskcommcrm-app-1	198.2MiB / 768MiB	0.00%
2026-10-07T16:06:27Z	deskcommcrm-scheduler-1	2.453MiB / 7.755GiB	0.00%
2026-10-07T16:06:27Z	deskcommcrm-srh-1	7.059MiB / 7.755GiB	0.01%
2026-10-07T16:06:27Z	deskcommcrm-waha-1	107.3MiB / 1.25GiB	0.06%
2026-10-07T16:06:27Z	deskcommcrm-redis-1	1.402MiB / 7.755GiB	0.28%
2026-10-07T16:06:27Z	deskcommcrm-worker-1	116.4MiB / 512MiB	0.06%
2026-10-07T16:06:27Z	deskcommcrm-supabase-functions-1	2.527MiB / 7.755GiB	0.01%
2026-10-07T16:06:27Z	deskcommcrm-supabase-storage-1	24.43MiB / 7.755GiB	0.00%
2026-10-07T16:06:27Z	deskcommcrm-supabase-realtime-1	50.61MiB / 7.755GiB	0.44%
2026-10-07T16:06:27Z	deskcommcrm-supabase-meta-1	28.55MiB / 7.755GiB	7.56%
2026-10-07T16:06:27Z	deskcommcrm-supabase-auth-1	12.09MiB / 7.755GiB	1.93%
2026-10-07T16:06:27Z	deskcommcrm-supabase-supavisor-1	39.08MiB / 7.755GiB	3.09%
2026-10-07T16:06:27Z	deskcommcrm-supabase-api-gw-1	16.09MiB / 7.755GiB	0.20%
2026-10-07T16:06:27Z	deskcommcrm-supabase-rest-1	44.4MiB / 7.755GiB	2.24%
2026-10-07T16:06:27Z	deskcommcrm-supabase-db-1	211.9MiB / 7.755GiB	0.10%
2026-10-07T16:06:27Z	deskcommcrm-supabase-studio-1	115.3MiB / 7.755GiB	0.01%
2026-10-07T16:06:27Z	deskcommcrm-supabase-imgproxy-1	23.66MiB / 7.755GiB	0.00%
2026-10-07T16:06:27Z	coolify-sentinel	7.664MiB / 7.755GiB	0.03%
2026-10-07T16:06:27Z	coolify-proxy	111.6MiB / 7.755GiB	0.16%
2026-10-07T16:06:27Z	coolify	131.2MiB / 7.755GiB	0.24%
2026-10-07T16:06:27Z	coolify-db	18.27MiB / 7.755GiB	0.00%
2026-10-07T16:06:27Z	coolify-redis	8.52MiB / 7.755GiB	0.32%
2026-10-07T16:06:27Z	coolify-realtime	20.8MiB / 7.755GiB	0.37%
2026-10-07T16:06:34Z	deskcommcrm-app-1	198.2MiB / 768MiB	0.00%
2026-10-07T16:06:34Z	deskcommcrm-scheduler-1	2.453MiB / 7.755GiB	0.00%
2026-10-07T16:06:34Z	deskcommcrm-srh-1	7.059MiB / 7.755GiB	0.01%
2026-10-07T16:06:34Z	deskcommcrm-waha-1	107.3MiB / 1.25GiB	0.05%
2026-10-07T16:06:34Z	deskcommcrm-redis-1	1.402MiB / 7.755GiB	0.29%
2026-10-07T16:06:34Z	deskcommcrm-worker-1	116.4MiB / 512MiB	0.86%
2026-10-07T16:06:34Z	deskcommcrm-supabase-functions-1	2.531MiB / 7.755GiB	0.01%
2026-10-07T16:06:34Z	deskcommcrm-supabase-storage-1	24.43MiB / 7.755GiB	0.02%
2026-10-07T16:06:34Z	deskcommcrm-supabase-realtime-1	50.62MiB / 7.755GiB	0.20%
2026-10-07T16:06:34Z	deskcommcrm-supabase-meta-1	28.55MiB / 7.755GiB	0.12%
2026-10-07T16:06:34Z	deskcommcrm-supabase-auth-1	12.16MiB / 7.755GiB	0.02%
2026-10-07T16:06:34Z	deskcommcrm-supabase-supavisor-1	39.09MiB / 7.755GiB	0.65%
2026-10-07T16:06:34Z	deskcommcrm-supabase-api-gw-1	16.09MiB / 7.755GiB	0.38%
2026-10-07T16:06:34Z	deskcommcrm-supabase-rest-1	44.44MiB / 7.755GiB	0.31%
2026-10-07T16:06:34Z	deskcommcrm-supabase-db-1	164.4MiB / 7.755GiB	2.24%
2026-10-07T16:06:34Z	deskcommcrm-supabase-studio-1	115.3MiB / 7.755GiB	0.00%
2026-10-07T16:06:34Z	deskcommcrm-supabase-imgproxy-1	23.75MiB / 7.755GiB	0.00%
2026-10-07T16:06:34Z	coolify-sentinel	7.617MiB / 7.755GiB	0.04%
2026-10-07T16:06:34Z	coolify-proxy	111.6MiB / 7.755GiB	2.12%
2026-10-07T16:06:34Z	coolify	131.2MiB / 7.755GiB	0.24%
2026-10-07T16:06:34Z	coolify-db	18.27MiB / 7.755GiB	0.00%
2026-10-07T16:06:34Z	coolify-redis	8.523MiB / 7.755GiB	0.36%
2026-10-07T16:06:34Z	coolify-realtime	20.8MiB / 7.755GiB	2.47%
2026-10-07T16:06:41Z	deskcommcrm-app-1	198.2MiB / 768MiB	0.00%
2026-10-07T16:06:41Z	deskcommcrm-scheduler-1	2.453MiB / 7.755GiB	0.00%
2026-10-07T16:06:41Z	deskcommcrm-srh-1	7.059MiB / 7.755GiB	0.01%
2026-10-07T16:06:41Z	deskcommcrm-waha-1	107.3MiB / 1.25GiB	0.04%
2026-10-07T16:06:41Z	deskcommcrm-redis-1	1.402MiB / 7.755GiB	0.25%
2026-10-07T16:06:41Z	deskcommcrm-worker-1	116.4MiB / 512MiB	0.07%
2026-10-07T16:06:41Z	deskcommcrm-supabase-functions-1	2.527MiB / 7.755GiB	0.01%
2026-10-07T16:06:41Z	deskcommcrm-supabase-storage-1	24.43MiB / 7.755GiB	0.00%
2026-10-07T16:06:41Z	deskcommcrm-supabase-realtime-1	50.62MiB / 7.755GiB	0.11%
2026-10-07T16:06:41Z	deskcommcrm-supabase-meta-1	28.55MiB / 7.755GiB	0.13%
2026-10-07T16:06:41Z	deskcommcrm-supabase-auth-1	12.16MiB / 7.755GiB	0.00%
2026-10-07T16:06:41Z	deskcommcrm-supabase-supavisor-1	39.09MiB / 7.755GiB	0.19%
2026-10-07T16:06:41Z	deskcommcrm-supabase-api-gw-1	16.09MiB / 7.755GiB	0.17%
2026-10-07T16:06:41Z	deskcommcrm-supabase-rest-1	44.31MiB / 7.755GiB	2.19%
2026-10-07T16:06:41Z	deskcommcrm-supabase-db-1	143.1MiB / 7.755GiB	2.27%
2026-10-07T16:06:41Z	deskcommcrm-supabase-studio-1	115.4MiB / 7.755GiB	7.76%
2026-10-07T16:06:41Z	deskcommcrm-supabase-imgproxy-1	23.78MiB / 7.755GiB	0.00%
2026-10-07T16:06:41Z	coolify-sentinel	7.617MiB / 7.755GiB	0.03%
2026-10-07T16:06:41Z	coolify-proxy	111.6MiB / 7.755GiB	0.17%
2026-10-07T16:06:41Z	coolify	131.2MiB / 7.755GiB	0.37%
2026-10-07T16:06:41Z	coolify-db	18.27MiB / 7.755GiB	0.00%
2026-10-07T16:06:41Z	coolify-redis	8.52MiB / 7.755GiB	2.70%
2026-10-07T16:06:41Z	coolify-realtime	20.81MiB / 7.755GiB	0.41%
2026-10-07T16:06:49Z	deskcommcrm-app-1	198.2MiB / 768MiB	0.00%
2026-10-07T16:06:49Z	deskcommcrm-scheduler-1	2.453MiB / 7.755GiB	0.00%
2026-10-07T16:06:49Z	deskcommcrm-srh-1	7.059MiB / 7.755GiB	0.02%
2026-10-07T16:06:49Z	deskcommcrm-waha-1	107.3MiB / 1.25GiB	0.05%
2026-10-07T16:06:49Z	deskcommcrm-redis-1	1.402MiB / 7.755GiB	0.29%
2026-10-07T16:06:49Z	deskcommcrm-worker-1	116.5MiB / 512MiB	0.30%
2026-10-07T16:06:49Z	deskcommcrm-supabase-functions-1	2.535MiB / 7.755GiB	1.87%
2026-10-07T16:06:49Z	deskcommcrm-supabase-storage-1	24.43MiB / 7.755GiB	0.55%
2026-10-07T16:06:49Z	deskcommcrm-supabase-realtime-1	50.64MiB / 7.755GiB	0.40%
2026-10-07T16:06:49Z	deskcommcrm-supabase-meta-1	28.55MiB / 7.755GiB	0.15%
2026-10-07T16:06:49Z	deskcommcrm-supabase-auth-1	12.16MiB / 7.755GiB	0.00%
2026-10-07T16:06:49Z	deskcommcrm-supabase-supavisor-1	39.09MiB / 7.755GiB	0.16%
2026-10-07T16:06:49Z	deskcommcrm-supabase-api-gw-1	19.86MiB / 7.755GiB	1.02%
2026-10-07T16:06:49Z	deskcommcrm-supabase-rest-1	44.31MiB / 7.755GiB	0.04%
2026-10-07T16:06:49Z	deskcommcrm-supabase-db-1	143.7MiB / 7.755GiB	0.25%
2026-10-07T16:06:49Z	deskcommcrm-supabase-studio-1	115.4MiB / 7.755GiB	0.00%
2026-10-07T16:06:49Z	deskcommcrm-supabase-imgproxy-1	23.79MiB / 7.755GiB	0.00%
2026-10-07T16:06:49Z	coolify-sentinel	7.645MiB / 7.755GiB	0.03%
2026-10-07T16:06:49Z	coolify-proxy	111.6MiB / 7.755GiB	0.15%
2026-10-07T16:06:49Z	coolify	131.2MiB / 7.755GiB	0.25%
2026-10-07T16:06:49Z	coolify-db	18.27MiB / 7.755GiB	0.00%
2026-10-07T16:06:49Z	coolify-redis	8.52MiB / 7.755GiB	0.34%
2026-10-07T16:06:49Z	coolify-realtime	20.82MiB / 7.755GiB	0.38%
2026-10-07T16:06:56Z	deskcommcrm-app-1	200.9MiB / 768MiB	0.00%
2026-10-07T16:06:56Z	deskcommcrm-scheduler-1	2.453MiB / 7.755GiB	1.84%
2026-10-07T16:06:56Z	deskcommcrm-srh-1	7.059MiB / 7.755GiB	0.01%
2026-10-07T16:06:56Z	deskcommcrm-waha-1	107.4MiB / 1.25GiB	0.07%
2026-10-07T16:06:56Z	deskcommcrm-redis-1	1.402MiB / 7.755GiB	0.26%
2026-10-07T16:06:56Z	deskcommcrm-worker-1	116.5MiB / 512MiB	0.16%
2026-10-07T16:06:56Z	deskcommcrm-supabase-functions-1	2.535MiB / 7.755GiB	0.01%
2026-10-07T16:06:56Z	deskcommcrm-supabase-storage-1	24.43MiB / 7.755GiB	0.02%
2026-10-07T16:06:56Z	deskcommcrm-supabase-realtime-1	51.12MiB / 7.755GiB	0.19%
2026-10-07T16:06:56Z	deskcommcrm-supabase-meta-1	28.55MiB / 7.755GiB	0.11%
2026-10-07T16:06:56Z	deskcommcrm-supabase-auth-1	12.16MiB / 7.755GiB	0.04%
2026-10-07T16:06:56Z	deskcommcrm-supabase-supavisor-1	39.97MiB / 7.755GiB	0.20%
2026-10-07T16:06:56Z	deskcommcrm-supabase-api-gw-1	16.08MiB / 7.755GiB	0.28%
2026-10-07T16:06:56Z	deskcommcrm-supabase-rest-1	44.32MiB / 7.755GiB	2.20%
2026-10-07T16:06:56Z	deskcommcrm-supabase-db-1	147.6MiB / 7.755GiB	1.83%
2026-10-07T16:06:56Z	deskcommcrm-supabase-studio-1	115.6MiB / 7.755GiB	0.00%
2026-10-07T16:06:56Z	deskcommcrm-supabase-imgproxy-1	23.89MiB / 7.755GiB	4.88%
2026-10-07T16:06:56Z	coolify-sentinel	7.648MiB / 7.755GiB	0.02%
2026-10-07T16:06:56Z	coolify-proxy	111.6MiB / 7.755GiB	0.16%
2026-10-07T16:06:56Z	coolify	131.2MiB / 7.755GiB	0.31%
2026-10-07T16:06:56Z	coolify-db	18.27MiB / 7.755GiB	2.18%
2026-10-07T16:06:56Z	coolify-redis	8.523MiB / 7.755GiB	2.15%
2026-10-07T16:06:56Z	coolify-realtime	20.82MiB / 7.755GiB	0.29%
2026-10-07T16:07:03Z	deskcommcrm-app-1	202.7MiB / 768MiB	0.37%
2026-10-07T16:07:03Z	deskcommcrm-scheduler-1	2.605MiB / 7.755GiB	0.00%
2026-10-07T16:07:03Z	deskcommcrm-srh-1	7.059MiB / 7.755GiB	0.02%
2026-10-07T16:07:03Z	deskcommcrm-waha-1	107.4MiB / 1.25GiB	0.08%
2026-10-07T16:07:03Z	deskcommcrm-redis-1	1.402MiB / 7.755GiB	0.27%
2026-10-07T16:07:03Z	deskcommcrm-worker-1	116.5MiB / 512MiB	0.09%
2026-10-07T16:07:03Z	deskcommcrm-supabase-functions-1	2.527MiB / 7.755GiB	0.01%
2026-10-07T16:07:03Z	deskcommcrm-supabase-storage-1	24.43MiB / 7.755GiB	1.83%
2026-10-07T16:07:03Z	deskcommcrm-supabase-realtime-1	51.16MiB / 7.755GiB	0.10%
2026-10-07T16:07:03Z	deskcommcrm-supabase-meta-1	28.63MiB / 7.755GiB	8.50%
2026-10-07T16:07:03Z	deskcommcrm-supabase-auth-1	12.16MiB / 7.755GiB	0.00%
2026-10-07T16:07:03Z	deskcommcrm-supabase-supavisor-1	39.98MiB / 7.755GiB	0.36%
2026-10-07T16:07:03Z	deskcommcrm-supabase-api-gw-1	16.1MiB / 7.755GiB	0.30%
2026-10-07T16:07:03Z	deskcommcrm-supabase-rest-1	44.33MiB / 7.755GiB	0.08%
2026-10-07T16:07:03Z	deskcommcrm-supabase-db-1	151.2MiB / 7.755GiB	0.04%
2026-10-07T16:07:03Z	deskcommcrm-supabase-studio-1	115.7MiB / 7.755GiB	0.00%
2026-10-07T16:07:03Z	deskcommcrm-supabase-imgproxy-1	23.9MiB / 7.755GiB	0.00%
2026-10-07T16:07:03Z	coolify-sentinel	7.648MiB / 7.755GiB	2.22%
2026-10-07T16:07:03Z	coolify-proxy	111.6MiB / 7.755GiB	2.08%
2026-10-07T16:07:03Z	coolify	130.9MiB / 7.755GiB	0.24%
2026-10-07T16:07:03Z	coolify-db	18.23MiB / 7.755GiB	0.01%
2026-10-07T16:07:03Z	coolify-redis	8.508MiB / 7.755GiB	0.32%
2026-10-07T16:07:03Z	coolify-realtime	20.83MiB / 7.755GiB	0.29%
2026-10-07T16:07:10Z	deskcommcrm-app-1	202.7MiB / 768MiB	0.00%
2026-10-07T16:07:10Z	deskcommcrm-scheduler-1	2.453MiB / 7.755GiB	0.00%
2026-10-07T16:07:10Z	deskcommcrm-srh-1	7.059MiB / 7.755GiB	0.01%
2026-10-07T16:07:10Z	deskcommcrm-waha-1	107.4MiB / 1.25GiB	0.08%
2026-10-07T16:07:10Z	deskcommcrm-redis-1	1.402MiB / 7.755GiB	0.26%
2026-10-07T16:07:10Z	deskcommcrm-worker-1	116.5MiB / 512MiB	0.36%
2026-10-07T16:07:10Z	deskcommcrm-supabase-functions-1	2.527MiB / 7.755GiB	0.01%
2026-10-07T16:07:10Z	deskcommcrm-supabase-storage-1	24.43MiB / 7.755GiB	0.00%
2026-10-07T16:07:10Z	deskcommcrm-supabase-realtime-1	51.19MiB / 7.755GiB	0.26%
2026-10-07T16:07:10Z	deskcommcrm-supabase-meta-1	28.63MiB / 7.755GiB	0.11%
2026-10-07T16:07:10Z	deskcommcrm-supabase-auth-1	12.16MiB / 7.755GiB	0.02%
2026-10-07T16:07:10Z	deskcommcrm-supabase-supavisor-1	39.98MiB / 7.755GiB	0.37%
2026-10-07T16:07:10Z	deskcommcrm-supabase-api-gw-1	16.1MiB / 7.755GiB	0.25%
2026-10-07T16:07:10Z	deskcommcrm-supabase-rest-1	44.33MiB / 7.755GiB	0.03%
2026-10-07T16:07:10Z	deskcommcrm-supabase-db-1	149.2MiB / 7.755GiB	0.25%
2026-10-07T16:07:10Z	deskcommcrm-supabase-studio-1	115.8MiB / 7.755GiB	0.00%
2026-10-07T16:07:10Z	deskcommcrm-supabase-imgproxy-1	23.9MiB / 7.755GiB	0.00%
2026-10-07T16:07:10Z	coolify-sentinel	7.746MiB / 7.755GiB	0.02%
2026-10-07T16:07:10Z	coolify-proxy	111.6MiB / 7.755GiB	0.04%
2026-10-07T16:07:10Z	coolify	130.9MiB / 7.755GiB	3.27%
2026-10-07T16:07:10Z	coolify-db	18.25MiB / 7.755GiB	0.01%
2026-10-07T16:07:10Z	coolify-redis	8.508MiB / 7.755GiB	0.36%
2026-10-07T16:07:10Z	coolify-realtime	20.83MiB / 7.755GiB	0.28%
2026-10-07T16:07:17Z	deskcommcrm-app-1	202.6MiB / 768MiB	5.53%
2026-10-07T16:07:17Z	deskcommcrm-scheduler-1	2.453MiB / 7.755GiB	0.00%
2026-10-07T16:07:17Z	deskcommcrm-srh-1	7.059MiB / 7.755GiB	0.01%
2026-10-07T16:07:17Z	deskcommcrm-waha-1	107.4MiB / 1.25GiB	0.05%
2026-10-07T16:07:17Z	deskcommcrm-redis-1	1.402MiB / 7.755GiB	0.27%
2026-10-07T16:07:17Z	deskcommcrm-worker-1	116.7MiB / 512MiB	0.20%
2026-10-07T16:07:17Z	deskcommcrm-supabase-functions-1	2.531MiB / 7.755GiB	0.02%
2026-10-07T16:07:17Z	deskcommcrm-supabase-storage-1	24.43MiB / 7.755GiB	0.00%
2026-10-07T16:07:17Z	deskcommcrm-supabase-realtime-1	51.2MiB / 7.755GiB	0.13%
2026-10-07T16:07:17Z	deskcommcrm-supabase-meta-1	28.63MiB / 7.755GiB	0.13%
2026-10-07T16:07:17Z	deskcommcrm-supabase-auth-1	12.16MiB / 7.755GiB	0.05%
2026-10-07T16:07:17Z	deskcommcrm-supabase-supavisor-1	39.98MiB / 7.755GiB	0.37%
2026-10-07T16:07:17Z	deskcommcrm-supabase-api-gw-1	16.1MiB / 7.755GiB	0.30%
2026-10-07T16:07:17Z	deskcommcrm-supabase-rest-1	44.33MiB / 7.755GiB	2.81%
2026-10-07T16:07:17Z	deskcommcrm-supabase-db-1	152.8MiB / 7.755GiB	2.74%
2026-10-07T16:07:17Z	deskcommcrm-supabase-studio-1	115.8MiB / 7.755GiB	7.64%
2026-10-07T16:07:17Z	deskcommcrm-supabase-imgproxy-1	23.89MiB / 7.755GiB	0.00%
2026-10-07T16:07:17Z	coolify-sentinel	7.711MiB / 7.755GiB	0.02%
2026-10-07T16:07:17Z	coolify-proxy	111.6MiB / 7.755GiB	0.22%
2026-10-07T16:07:17Z	coolify	130.9MiB / 7.755GiB	0.32%
2026-10-07T16:07:17Z	coolify-db	18.25MiB / 7.755GiB	0.00%
2026-10-07T16:07:17Z	coolify-redis	8.438MiB / 7.755GiB	2.21%
2026-10-07T16:07:17Z	coolify-realtime	20.82MiB / 7.755GiB	0.47%
2026-10-07T16:07:24Z	deskcommcrm-app-1	205.2MiB / 768MiB	0.00%
2026-10-07T16:07:24Z	deskcommcrm-scheduler-1	2.453MiB / 7.755GiB	0.00%
2026-10-07T16:07:24Z	deskcommcrm-srh-1	7.059MiB / 7.755GiB	0.01%
2026-10-07T16:07:24Z	deskcommcrm-waha-1	107.4MiB / 1.25GiB	0.06%
2026-10-07T16:07:24Z	deskcommcrm-redis-1	1.402MiB / 7.755GiB	0.28%
2026-10-07T16:07:24Z	deskcommcrm-worker-1	116.7MiB / 512MiB	0.47%
2026-10-07T16:07:24Z	deskcommcrm-supabase-functions-1	2.535MiB / 7.755GiB	1.88%
2026-10-07T16:07:24Z	deskcommcrm-supabase-storage-1	24.43MiB / 7.755GiB	0.04%
2026-10-07T16:07:24Z	deskcommcrm-supabase-realtime-1	51.22MiB / 7.755GiB	0.18%
2026-10-07T16:07:24Z	deskcommcrm-supabase-meta-1	28.64MiB / 7.755GiB	0.15%
2026-10-07T16:07:24Z	deskcommcrm-supabase-auth-1	12.16MiB / 7.755GiB	0.01%
2026-10-07T16:07:24Z	deskcommcrm-supabase-supavisor-1	39.99MiB / 7.755GiB	1.12%
2026-10-07T16:07:24Z	deskcommcrm-supabase-api-gw-1	16.1MiB / 7.755GiB	0.20%
2026-10-07T16:07:24Z	deskcommcrm-supabase-rest-1	44.6MiB / 7.755GiB	0.04%
2026-10-07T16:07:24Z	deskcommcrm-supabase-db-1	154.7MiB / 7.755GiB	0.80%
2026-10-07T16:07:24Z	deskcommcrm-supabase-studio-1	115.8MiB / 7.755GiB	0.00%
2026-10-07T16:07:24Z	deskcommcrm-supabase-imgproxy-1	23.87MiB / 7.755GiB	0.00%
2026-10-07T16:07:24Z	coolify-sentinel	7.719MiB / 7.755GiB	0.03%
2026-10-07T16:07:24Z	coolify-proxy	111.6MiB / 7.755GiB	0.08%
2026-10-07T16:07:24Z	coolify	130.9MiB / 7.755GiB	0.27%
2026-10-07T16:07:24Z	coolify-db	18.25MiB / 7.755GiB	0.01%
2026-10-07T16:07:24Z	coolify-redis	8.43MiB / 7.755GiB	0.36%
2026-10-07T16:07:24Z	coolify-realtime	20.82MiB / 7.755GiB	0.35%
2026-10-07T16:07:31Z	deskcommcrm-app-1	205.1MiB / 768MiB	0.00%
2026-10-07T16:07:31Z	deskcommcrm-scheduler-1	2.453MiB / 7.755GiB	0.00%
2026-10-07T16:07:31Z	deskcommcrm-srh-1	7.059MiB / 7.755GiB	0.01%
2026-10-07T16:07:31Z	deskcommcrm-waha-1	107.4MiB / 1.25GiB	0.06%
2026-10-07T16:07:31Z	deskcommcrm-redis-1	1.402MiB / 7.755GiB	0.32%
2026-10-07T16:07:31Z	deskcommcrm-worker-1	116.7MiB / 512MiB	0.08%
2026-10-07T16:07:31Z	deskcommcrm-supabase-functions-1	2.527MiB / 7.755GiB	0.01%
2026-10-07T16:07:31Z	deskcommcrm-supabase-storage-1	24.44MiB / 7.755GiB	0.00%
2026-10-07T16:07:31Z	deskcommcrm-supabase-realtime-1	51.3MiB / 7.755GiB	0.20%
2026-10-07T16:07:31Z	deskcommcrm-supabase-meta-1	28.64MiB / 7.755GiB	0.15%
2026-10-07T16:07:31Z	deskcommcrm-supabase-auth-1	12.16MiB / 7.755GiB	0.00%
2026-10-07T16:07:31Z	deskcommcrm-supabase-supavisor-1	39.99MiB / 7.755GiB	0.27%
2026-10-07T16:07:31Z	deskcommcrm-supabase-api-gw-1	16.1MiB / 7.755GiB	0.30%
2026-10-07T16:07:31Z	deskcommcrm-supabase-rest-1	44.36MiB / 7.755GiB	2.40%
2026-10-07T16:07:31Z	deskcommcrm-supabase-db-1	153.2MiB / 7.755GiB	1.97%
2026-10-07T16:07:31Z	deskcommcrm-supabase-studio-1	124.9MiB / 7.755GiB	4.27%
2026-10-07T16:07:31Z	deskcommcrm-supabase-imgproxy-1	23.9MiB / 7.755GiB	5.69%
2026-10-07T16:07:31Z	coolify-sentinel	7.719MiB / 7.755GiB	0.03%
2026-10-07T16:07:31Z	coolify-proxy	111.6MiB / 7.755GiB	0.16%
2026-10-07T16:07:31Z	coolify	130.9MiB / 7.755GiB	0.25%
2026-10-07T16:07:31Z	coolify-db	18.25MiB / 7.755GiB	2.35%
2026-10-07T16:07:31Z	coolify-redis	8.43MiB / 7.755GiB	2.35%
2026-10-07T16:07:31Z	coolify-realtime	20.83MiB / 7.755GiB	0.32%
2026-10-07T16:07:38Z	deskcommcrm-app-1	205.1MiB / 768MiB	0.00%
2026-10-07T16:07:38Z	deskcommcrm-scheduler-1	2.453MiB / 7.755GiB	0.00%
2026-10-07T16:07:38Z	deskcommcrm-srh-1	7.059MiB / 7.755GiB	0.01%
2026-10-07T16:07:38Z	deskcommcrm-waha-1	107.4MiB / 1.25GiB	0.05%
2026-10-07T16:07:38Z	deskcommcrm-redis-1	1.402MiB / 7.755GiB	0.26%
2026-10-07T16:07:38Z	deskcommcrm-worker-1	116.7MiB / 512MiB	0.15%
2026-10-07T16:07:38Z	deskcommcrm-supabase-functions-1	2.527MiB / 7.755GiB	0.01%
2026-10-07T16:07:38Z	deskcommcrm-supabase-storage-1	24.44MiB / 7.755GiB	1.96%
2026-10-07T16:07:38Z	deskcommcrm-supabase-realtime-1	51.41MiB / 7.755GiB	0.52%
2026-10-07T16:07:38Z	deskcommcrm-supabase-meta-1	28.64MiB / 7.755GiB	7.48%
2026-10-07T16:07:38Z	deskcommcrm-supabase-auth-1	12.16MiB / 7.755GiB	0.00%
2026-10-07T16:07:38Z	deskcommcrm-supabase-supavisor-1	39.99MiB / 7.755GiB	3.05%
2026-10-07T16:07:38Z	deskcommcrm-supabase-api-gw-1	16.11MiB / 7.755GiB	0.32%
2026-10-07T16:07:38Z	deskcommcrm-supabase-rest-1	44.36MiB / 7.755GiB	0.05%
2026-10-07T16:07:38Z	deskcommcrm-supabase-db-1	153.6MiB / 7.755GiB	0.10%
2026-10-07T16:07:38Z	deskcommcrm-supabase-studio-1	115.9MiB / 7.755GiB	0.00%
2026-10-07T16:07:38Z	deskcommcrm-supabase-imgproxy-1	23.9MiB / 7.755GiB	0.00%
2026-10-07T16:07:38Z	coolify-sentinel	7.637MiB / 7.755GiB	0.03%
2026-10-07T16:07:38Z	coolify-proxy	111.6MiB / 7.755GiB	2.01%
2026-10-07T16:07:38Z	coolify	130.9MiB / 7.755GiB	0.35%
2026-10-07T16:07:38Z	coolify-db	18.25MiB / 7.755GiB	0.00%
2026-10-07T16:07:38Z	coolify-redis	8.43MiB / 7.755GiB	0.37%
2026-10-07T16:07:38Z	coolify-realtime	20.83MiB / 7.755GiB	0.62%
2026-10-07T16:07:46Z	deskcommcrm-app-1	206.4MiB / 768MiB	4.95%
2026-10-07T16:07:46Z	deskcommcrm-scheduler-1	2.453MiB / 7.755GiB	0.00%
2026-10-07T16:07:46Z	deskcommcrm-srh-1	7.059MiB / 7.755GiB	0.01%
2026-10-07T16:07:46Z	deskcommcrm-waha-1	107.4MiB / 1.25GiB	0.05%
2026-10-07T16:07:46Z	deskcommcrm-redis-1	1.402MiB / 7.755GiB	0.30%
2026-10-07T16:07:46Z	deskcommcrm-worker-1	116.8MiB / 512MiB	0.91%
2026-10-07T16:07:46Z	deskcommcrm-supabase-functions-1	2.531MiB / 7.755GiB	0.01%
2026-10-07T16:07:46Z	deskcommcrm-supabase-storage-1	24.44MiB / 7.755GiB	0.00%
2026-10-07T16:07:46Z	deskcommcrm-supabase-realtime-1	51.41MiB / 7.755GiB	0.23%
2026-10-07T16:07:46Z	deskcommcrm-supabase-meta-1	28.64MiB / 7.755GiB	0.16%
2026-10-07T16:07:46Z	deskcommcrm-supabase-auth-1	12.16MiB / 7.755GiB	0.03%
2026-10-07T16:07:46Z	deskcommcrm-supabase-supavisor-1	39.89MiB / 7.755GiB	0.34%
2026-10-07T16:07:46Z	deskcommcrm-supabase-api-gw-1	16.11MiB / 7.755GiB	0.47%
2026-10-07T16:07:46Z	deskcommcrm-supabase-rest-1	44.38MiB / 7.755GiB	0.33%
2026-10-07T16:07:46Z	deskcommcrm-supabase-db-1	153.6MiB / 7.755GiB	0.29%
2026-10-07T16:07:46Z	deskcommcrm-supabase-studio-1	115.9MiB / 7.755GiB	0.00%
2026-10-07T16:07:46Z	deskcommcrm-supabase-imgproxy-1	23.88MiB / 7.755GiB	0.00%
2026-10-07T16:07:46Z	coolify-sentinel	7.664MiB / 7.755GiB	0.03%
2026-10-07T16:07:46Z	coolify-proxy	111.6MiB / 7.755GiB	0.40%
2026-10-07T16:07:46Z	coolify	130.9MiB / 7.755GiB	3.63%
2026-10-07T16:07:46Z	coolify-db	18.25MiB / 7.755GiB	2.41%
2026-10-07T16:07:46Z	coolify-redis	8.43MiB / 7.755GiB	0.38%
2026-10-07T16:07:46Z	coolify-realtime	20.84MiB / 7.755GiB	2.56%
2026-10-07T16:07:53Z	deskcommcrm-app-1	207.3MiB / 768MiB	11.18%
2026-10-07T16:07:53Z	deskcommcrm-scheduler-1	2.453MiB / 7.755GiB	0.00%
2026-10-07T16:07:53Z	deskcommcrm-srh-1	7.059MiB / 7.755GiB	0.01%
2026-10-07T16:07:53Z	deskcommcrm-waha-1	107.4MiB / 1.25GiB	0.07%
2026-10-07T16:07:53Z	deskcommcrm-redis-1	1.402MiB / 7.755GiB	0.30%
2026-10-07T16:07:53Z	deskcommcrm-worker-1	116.7MiB / 512MiB	1.92%
2026-10-07T16:07:53Z	deskcommcrm-supabase-functions-1	2.527MiB / 7.755GiB	0.01%
2026-10-07T16:07:53Z	deskcommcrm-supabase-storage-1	24.44MiB / 7.755GiB	0.03%
2026-10-07T16:07:53Z	deskcommcrm-supabase-realtime-1	51.41MiB / 7.755GiB	0.11%
2026-10-07T16:07:53Z	deskcommcrm-supabase-meta-1	28.64MiB / 7.755GiB	0.21%
2026-10-07T16:07:53Z	deskcommcrm-supabase-auth-1	12.16MiB / 7.755GiB	1.85%
2026-10-07T16:07:53Z	deskcommcrm-supabase-supavisor-1	39.89MiB / 7.755GiB	0.36%
2026-10-07T16:07:53Z	deskcommcrm-supabase-api-gw-1	16.1MiB / 7.755GiB	2.66%
2026-10-07T16:07:53Z	deskcommcrm-supabase-rest-1	44.61MiB / 7.755GiB	5.83%
2026-10-07T16:07:53Z	deskcommcrm-supabase-db-1	154.2MiB / 7.755GiB	7.78%
2026-10-07T16:07:53Z	deskcommcrm-supabase-studio-1	115.9MiB / 7.755GiB	2.92%
2026-10-07T16:07:53Z	deskcommcrm-supabase-imgproxy-1	23.93MiB / 7.755GiB	0.00%
2026-10-07T16:07:53Z	coolify-sentinel	7.668MiB / 7.755GiB	2.21%
2026-10-07T16:07:53Z	coolify-proxy	111.6MiB / 7.755GiB	2.62%
2026-10-07T16:07:53Z	coolify	130.9MiB / 7.755GiB	0.38%
2026-10-07T16:07:53Z	coolify-db	18.25MiB / 7.755GiB	0.00%
2026-10-07T16:07:53Z	coolify-redis	8.43MiB / 7.755GiB	0.42%
2026-10-07T16:07:53Z	coolify-realtime	20.84MiB / 7.755GiB	0.31%
2026-10-07T16:08:00Z	deskcommcrm-app-1	209MiB / 768MiB	0.00%
2026-10-07T16:08:00Z	deskcommcrm-scheduler-1	2.574MiB / 7.755GiB	0.00%
2026-10-07T16:08:00Z	deskcommcrm-srh-1	7.059MiB / 7.755GiB	0.01%
2026-10-07T16:08:00Z	deskcommcrm-waha-1	107.4MiB / 1.25GiB	0.06%
2026-10-07T16:08:00Z	deskcommcrm-redis-1	1.402MiB / 7.755GiB	0.29%
2026-10-07T16:08:00Z	deskcommcrm-worker-1	116.8MiB / 512MiB	0.28%
2026-10-07T16:08:00Z	deskcommcrm-supabase-functions-1	2.531MiB / 7.755GiB	0.03%
2026-10-07T16:08:00Z	deskcommcrm-supabase-storage-1	24.44MiB / 7.755GiB	0.00%
2026-10-07T16:08:00Z	deskcommcrm-supabase-realtime-1	51.42MiB / 7.755GiB	0.30%
2026-10-07T16:08:00Z	deskcommcrm-supabase-meta-1	28.64MiB / 7.755GiB	0.15%
2026-10-07T16:08:00Z	deskcommcrm-supabase-auth-1	12.16MiB / 7.755GiB	0.02%
2026-10-07T16:08:00Z	deskcommcrm-supabase-supavisor-1	39.78MiB / 7.755GiB	0.62%
2026-10-07T16:08:00Z	deskcommcrm-supabase-api-gw-1	16.11MiB / 7.755GiB	0.19%
2026-10-07T16:08:00Z	deskcommcrm-supabase-rest-1	44.5MiB / 7.755GiB	0.04%
2026-10-07T16:08:00Z	deskcommcrm-supabase-db-1	156.7MiB / 7.755GiB	0.24%
2026-10-07T16:08:00Z	deskcommcrm-supabase-studio-1	115.9MiB / 7.755GiB	0.00%
2026-10-07T16:08:00Z	deskcommcrm-supabase-imgproxy-1	23.91MiB / 7.755GiB	0.00%
2026-10-07T16:08:00Z	coolify-sentinel	7.668MiB / 7.755GiB	0.03%
2026-10-07T16:08:00Z	coolify-proxy	111.7MiB / 7.755GiB	0.04%
2026-10-07T16:08:00Z	coolify	193.6MiB / 7.755GiB	96.37%
2026-10-07T16:08:00Z	coolify-db	18.2MiB / 7.755GiB	0.28%
2026-10-07T16:08:00Z	coolify-redis	8.438MiB / 7.755GiB	0.37%
2026-10-07T16:08:00Z	coolify-realtime	20.89MiB / 7.755GiB	0.37%
2026-10-07T16:08:07Z	deskcommcrm-app-1	208.8MiB / 768MiB	0.00%
2026-10-07T16:08:07Z	deskcommcrm-scheduler-1	2.574MiB / 7.755GiB	0.00%
2026-10-07T16:08:07Z	deskcommcrm-srh-1	7.059MiB / 7.755GiB	0.01%
2026-10-07T16:08:07Z	deskcommcrm-waha-1	107.4MiB / 1.25GiB	0.07%
2026-10-07T16:08:07Z	deskcommcrm-redis-1	1.402MiB / 7.755GiB	0.28%
2026-10-07T16:08:07Z	deskcommcrm-worker-1	116.8MiB / 512MiB	0.08%
2026-10-07T16:08:07Z	deskcommcrm-supabase-functions-1	2.527MiB / 7.755GiB	0.01%
2026-10-07T16:08:07Z	deskcommcrm-supabase-storage-1	24.44MiB / 7.755GiB	0.00%
2026-10-07T16:08:07Z	deskcommcrm-supabase-realtime-1	51.42MiB / 7.755GiB	0.39%
2026-10-07T16:08:07Z	deskcommcrm-supabase-meta-1	28.64MiB / 7.755GiB	0.12%
2026-10-07T16:08:07Z	deskcommcrm-supabase-auth-1	12.16MiB / 7.755GiB	0.01%
2026-10-07T16:08:07Z	deskcommcrm-supabase-supavisor-1	39.77MiB / 7.755GiB	3.09%
2026-10-07T16:08:07Z	deskcommcrm-supabase-api-gw-1	16.11MiB / 7.755GiB	0.24%
2026-10-07T16:08:07Z	deskcommcrm-supabase-rest-1	45.84MiB / 7.755GiB	0.17%
2026-10-07T16:08:07Z	deskcommcrm-supabase-db-1	157.6MiB / 7.755GiB	2.95%
2026-10-07T16:08:07Z	deskcommcrm-supabase-studio-1	116.5MiB / 7.755GiB	8.20%
2026-10-07T16:08:07Z	deskcommcrm-supabase-imgproxy-1	23.91MiB / 7.755GiB	4.80%
2026-10-07T16:08:07Z	coolify-sentinel	7.707MiB / 7.755GiB	0.04%
2026-10-07T16:08:07Z	coolify-proxy	111.7MiB / 7.755GiB	2.15%
2026-10-07T16:08:07Z	coolify	130.5MiB / 7.755GiB	0.25%
2026-10-07T16:08:07Z	coolify-db	18.2MiB / 7.755GiB	0.01%
2026-10-07T16:08:07Z	coolify-redis	8.434MiB / 7.755GiB	0.35%
2026-10-07T16:08:07Z	coolify-realtime	20.9MiB / 7.755GiB	0.29%
2026-10-07T16:08:14Z	deskcommcrm-app-1	208.8MiB / 768MiB	0.00%
2026-10-07T16:08:14Z	deskcommcrm-scheduler-1	2.453MiB / 7.755GiB	0.00%
2026-10-07T16:08:14Z	deskcommcrm-srh-1	7.059MiB / 7.755GiB	0.04%
2026-10-07T16:08:14Z	deskcommcrm-waha-1	107.5MiB / 1.25GiB	0.08%
2026-10-07T16:08:14Z	deskcommcrm-redis-1	1.402MiB / 7.755GiB	0.33%
2026-10-07T16:08:14Z	deskcommcrm-worker-1	116.8MiB / 512MiB	0.19%
2026-10-07T16:08:14Z	deskcommcrm-supabase-functions-1	2.531MiB / 7.755GiB	2.08%
2026-10-07T16:08:14Z	deskcommcrm-supabase-storage-1	24.45MiB / 7.755GiB	0.04%
2026-10-07T16:08:14Z	deskcommcrm-supabase-realtime-1	51.42MiB / 7.755GiB	0.24%
2026-10-07T16:08:14Z	deskcommcrm-supabase-meta-1	28.64MiB / 7.755GiB	9.44%
2026-10-07T16:08:14Z	deskcommcrm-supabase-auth-1	12.16MiB / 7.755GiB	0.00%
2026-10-07T16:08:14Z	deskcommcrm-supabase-supavisor-1	39.77MiB / 7.755GiB	0.86%
2026-10-07T16:08:14Z	deskcommcrm-supabase-api-gw-1	16.11MiB / 7.755GiB	0.31%
2026-10-07T16:08:14Z	deskcommcrm-supabase-rest-1	44.38MiB / 7.755GiB	0.03%
2026-10-07T16:08:14Z	deskcommcrm-supabase-db-1	156.5MiB / 7.755GiB	0.13%
2026-10-07T16:08:14Z	deskcommcrm-supabase-studio-1	116.1MiB / 7.755GiB	0.05%
2026-10-07T16:08:14Z	deskcommcrm-supabase-imgproxy-1	23.89MiB / 7.755GiB	0.00%
2026-10-07T16:08:14Z	coolify-sentinel	7.66MiB / 7.755GiB	0.05%
2026-10-07T16:08:14Z	coolify-proxy	111.7MiB / 7.755GiB	0.13%
2026-10-07T16:08:14Z	coolify	130.5MiB / 7.755GiB	0.37%
2026-10-07T16:08:14Z	coolify-db	18.2MiB / 7.755GiB	0.01%
2026-10-07T16:08:14Z	coolify-redis	8.434MiB / 7.755GiB	0.39%
2026-10-07T16:08:14Z	coolify-realtime	20.9MiB / 7.755GiB	0.38%
2026-10-07T16:08:21Z	deskcommcrm-app-1	208.9MiB / 768MiB	0.00%
2026-10-07T16:08:21Z	deskcommcrm-scheduler-1	2.453MiB / 7.755GiB	0.00%
2026-10-07T16:08:21Z	deskcommcrm-srh-1	7.059MiB / 7.755GiB	0.01%
2026-10-07T16:08:21Z	deskcommcrm-waha-1	107.8MiB / 1.25GiB	0.12%
2026-10-07T16:08:21Z	deskcommcrm-redis-1	1.402MiB / 7.755GiB	0.32%
2026-10-07T16:08:21Z	deskcommcrm-worker-1	116.8MiB / 512MiB	0.13%
2026-10-07T16:08:21Z	deskcommcrm-supabase-functions-1	2.531MiB / 7.755GiB	0.01%
2026-10-07T16:08:21Z	deskcommcrm-supabase-storage-1	24.44MiB / 7.755GiB	0.00%
2026-10-07T16:08:21Z	deskcommcrm-supabase-realtime-1	51.42MiB / 7.755GiB	0.17%
2026-10-07T16:08:21Z	deskcommcrm-supabase-meta-1	28.77MiB / 7.755GiB	0.15%
2026-10-07T16:08:21Z	deskcommcrm-supabase-auth-1	12.16MiB / 7.755GiB	0.04%
2026-10-07T16:08:21Z	deskcommcrm-supabase-supavisor-1	39.77MiB / 7.755GiB	0.28%
2026-10-07T16:08:21Z	deskcommcrm-supabase-api-gw-1	16.11MiB / 7.755GiB	0.29%
2026-10-07T16:08:21Z	deskcommcrm-supabase-rest-1	44.38MiB / 7.755GiB	2.20%
2026-10-07T16:08:21Z	deskcommcrm-supabase-db-1	160.4MiB / 7.755GiB	1.37%
2026-10-07T16:08:21Z	deskcommcrm-supabase-studio-1	116.1MiB / 7.755GiB	0.00%
2026-10-07T16:08:21Z	deskcommcrm-supabase-imgproxy-1	27.84MiB / 7.755GiB	1.34%
2026-10-07T16:08:21Z	coolify-sentinel	7.66MiB / 7.755GiB	0.03%
2026-10-07T16:08:21Z	coolify-proxy	111.7MiB / 7.755GiB	0.19%
2026-10-07T16:08:21Z	coolify	130.5MiB / 7.755GiB	3.86%
2026-10-07T16:08:21Z	coolify-db	18.2MiB / 7.755GiB	2.40%
2026-10-07T16:08:21Z	coolify-redis	8.434MiB / 7.755GiB	2.30%
2026-10-07T16:08:21Z	coolify-realtime	20.89MiB / 7.755GiB	0.35%
2026-10-07T16:08:28Z	deskcommcrm-app-1	208.9MiB / 768MiB	0.00%
2026-10-07T16:08:28Z	deskcommcrm-scheduler-1	2.453MiB / 7.755GiB	0.00%
2026-10-07T16:08:28Z	deskcommcrm-srh-1	7.059MiB / 7.755GiB	0.02%
2026-10-07T16:08:28Z	deskcommcrm-waha-1	107.8MiB / 1.25GiB	0.06%
2026-10-07T16:08:28Z	deskcommcrm-redis-1	1.402MiB / 7.755GiB	0.26%
2026-10-07T16:08:28Z	deskcommcrm-worker-1	116.8MiB / 512MiB	0.33%
2026-10-07T16:08:28Z	deskcommcrm-supabase-functions-1	2.527MiB / 7.755GiB	0.01%
2026-10-07T16:08:28Z	deskcommcrm-supabase-storage-1	24.45MiB / 7.755GiB	1.89%
2026-10-07T16:08:28Z	deskcommcrm-supabase-realtime-1	51.43MiB / 7.755GiB	0.59%
2026-10-07T16:08:28Z	deskcommcrm-supabase-meta-1	28.77MiB / 7.755GiB	0.16%
2026-10-07T16:08:28Z	deskcommcrm-supabase-auth-1	12.16MiB / 7.755GiB	0.00%
2026-10-07T16:08:28Z	deskcommcrm-supabase-supavisor-1	39.77MiB / 7.755GiB	0.20%
2026-10-07T16:08:28Z	deskcommcrm-supabase-api-gw-1	16.11MiB / 7.755GiB	0.26%
2026-10-07T16:08:28Z	deskcommcrm-supabase-rest-1	44.38MiB / 7.755GiB	0.06%
2026-10-07T16:08:28Z	deskcommcrm-supabase-db-1	156.4MiB / 7.755GiB	0.19%
2026-10-07T16:08:28Z	deskcommcrm-supabase-studio-1	116.1MiB / 7.755GiB	0.00%
2026-10-07T16:08:28Z	deskcommcrm-supabase-imgproxy-1	23.91MiB / 7.755GiB	0.00%
2026-10-07T16:08:28Z	coolify-sentinel	7.645MiB / 7.755GiB	0.03%
2026-10-07T16:08:28Z	coolify-proxy	111.7MiB / 7.755GiB	0.09%
2026-10-07T16:08:28Z	coolify	130.5MiB / 7.755GiB	0.27%
2026-10-07T16:08:28Z	coolify-db	18.2MiB / 7.755GiB	0.00%
2026-10-07T16:08:28Z	coolify-redis	8.438MiB / 7.755GiB	0.32%
2026-10-07T16:08:28Z	coolify-realtime	20.9MiB / 7.755GiB	0.28%
2026-10-07T16:08:36Z	deskcommcrm-app-1	208.8MiB / 768MiB	0.00%
2026-10-07T16:08:36Z	deskcommcrm-scheduler-1	2.453MiB / 7.755GiB	0.00%
2026-10-07T16:08:36Z	deskcommcrm-srh-1	7.059MiB / 7.755GiB	0.01%
2026-10-07T16:08:36Z	deskcommcrm-waha-1	107.8MiB / 1.25GiB	0.05%
2026-10-07T16:08:36Z	deskcommcrm-redis-1	1.402MiB / 7.755GiB	0.28%
2026-10-07T16:08:36Z	deskcommcrm-worker-1	116.9MiB / 512MiB	0.95%
2026-10-07T16:08:36Z	deskcommcrm-supabase-functions-1	2.527MiB / 7.755GiB	0.01%
2026-10-07T16:08:36Z	deskcommcrm-supabase-storage-1	24.44MiB / 7.755GiB	0.00%
2026-10-07T16:08:36Z	deskcommcrm-supabase-realtime-1	51.44MiB / 7.755GiB	0.22%
2026-10-07T16:08:36Z	deskcommcrm-supabase-meta-1	28.77MiB / 7.755GiB	0.17%
2026-10-07T16:08:36Z	deskcommcrm-supabase-auth-1	12.16MiB / 7.755GiB	0.04%
2026-10-07T16:08:36Z	deskcommcrm-supabase-supavisor-1	39.77MiB / 7.755GiB	0.17%
2026-10-07T16:08:36Z	deskcommcrm-supabase-api-gw-1	16.1MiB / 7.755GiB	0.49%
2026-10-07T16:08:36Z	deskcommcrm-supabase-rest-1	44.39MiB / 7.755GiB	0.29%
2026-10-07T16:08:36Z	deskcommcrm-supabase-db-1	156.4MiB / 7.755GiB	0.25%
2026-10-07T16:08:36Z	deskcommcrm-supabase-studio-1	116.1MiB / 7.755GiB	0.00%
2026-10-07T16:08:36Z	deskcommcrm-supabase-imgproxy-1	23.89MiB / 7.755GiB	0.00%
2026-10-07T16:08:36Z	coolify-sentinel	7.648MiB / 7.755GiB	0.03%
2026-10-07T16:08:36Z	coolify-proxy	111.7MiB / 7.755GiB	2.00%
2026-10-07T16:08:36Z	coolify	130.5MiB / 7.755GiB	3.77%
2026-10-07T16:08:36Z	coolify-db	18.2MiB / 7.755GiB	0.01%
2026-10-07T16:08:36Z	coolify-redis	8.434MiB / 7.755GiB	0.41%
2026-10-07T16:08:36Z	coolify-realtime	21.02MiB / 7.755GiB	0.29%
2026-10-07T16:08:43Z	deskcommcrm-app-1	208.8MiB / 768MiB	0.00%
2026-10-07T16:08:43Z	deskcommcrm-scheduler-1	2.453MiB / 7.755GiB	0.00%
2026-10-07T16:08:43Z	deskcommcrm-srh-1	7.059MiB / 7.755GiB	0.01%
2026-10-07T16:08:43Z	deskcommcrm-waha-1	107.8MiB / 1.25GiB	0.05%
2026-10-07T16:08:43Z	deskcommcrm-redis-1	1.402MiB / 7.755GiB	0.29%
2026-10-07T16:08:43Z	deskcommcrm-worker-1	116.9MiB / 512MiB	0.28%
2026-10-07T16:08:43Z	deskcommcrm-supabase-functions-1	2.527MiB / 7.755GiB	0.01%
2026-10-07T16:08:43Z	deskcommcrm-supabase-storage-1	24.45MiB / 7.755GiB	0.00%
2026-10-07T16:08:43Z	deskcommcrm-supabase-realtime-1	51.44MiB / 7.755GiB	0.19%
2026-10-07T16:08:43Z	deskcommcrm-supabase-meta-1	28.77MiB / 7.755GiB	0.19%
2026-10-07T16:08:43Z	deskcommcrm-supabase-auth-1	12.16MiB / 7.755GiB	1.82%
2026-10-07T16:08:43Z	deskcommcrm-supabase-supavisor-1	39.84MiB / 7.755GiB	0.37%
2026-10-07T16:08:43Z	deskcommcrm-supabase-api-gw-1	16.1MiB / 7.755GiB	0.18%
2026-10-07T16:08:43Z	deskcommcrm-supabase-rest-1	44.38MiB / 7.755GiB	2.21%
2026-10-07T16:08:43Z	deskcommcrm-supabase-db-1	156.4MiB / 7.755GiB	2.63%
2026-10-07T16:08:43Z	deskcommcrm-supabase-studio-1	117.1MiB / 7.755GiB	7.71%
2026-10-07T16:08:43Z	deskcommcrm-supabase-imgproxy-1	23.92MiB / 7.755GiB	0.00%
2026-10-07T16:08:43Z	coolify-sentinel	7.648MiB / 7.755GiB	2.13%
2026-10-07T16:08:43Z	coolify-proxy	111.7MiB / 7.755GiB	2.03%
2026-10-07T16:08:43Z	coolify	130.5MiB / 7.755GiB	0.25%
2026-10-07T16:08:43Z	coolify-db	18.21MiB / 7.755GiB	0.00%
2026-10-07T16:08:43Z	coolify-redis	8.434MiB / 7.755GiB	0.37%
2026-10-07T16:08:43Z	coolify-realtime	21.02MiB / 7.755GiB	0.36%
2026-10-07T16:08:50Z	deskcommcrm-app-1	208.8MiB / 768MiB	0.00%
2026-10-07T16:08:50Z	deskcommcrm-scheduler-1	2.453MiB / 7.755GiB	0.00%
2026-10-07T16:08:50Z	deskcommcrm-srh-1	7.059MiB / 7.755GiB	0.01%
2026-10-07T16:08:50Z	deskcommcrm-waha-1	107.8MiB / 1.25GiB	0.06%
2026-10-07T16:08:50Z	deskcommcrm-redis-1	1.402MiB / 7.755GiB	0.29%
2026-10-07T16:08:50Z	deskcommcrm-worker-1	116.9MiB / 512MiB	0.23%
2026-10-07T16:08:50Z	deskcommcrm-supabase-functions-1	2.531MiB / 7.755GiB	2.08%
2026-10-07T16:08:50Z	deskcommcrm-supabase-storage-1	24.45MiB / 7.755GiB	0.01%
2026-10-07T16:08:50Z	deskcommcrm-supabase-realtime-1	51.45MiB / 7.755GiB	0.35%
2026-10-07T16:08:50Z	deskcommcrm-supabase-meta-1	28.77MiB / 7.755GiB	7.42%
2026-10-07T16:08:50Z	deskcommcrm-supabase-auth-1	12.16MiB / 7.755GiB	0.02%
2026-10-07T16:08:50Z	deskcommcrm-supabase-supavisor-1	39.84MiB / 7.755GiB	0.34%
2026-10-07T16:08:50Z	deskcommcrm-supabase-api-gw-1	16.09MiB / 7.755GiB	2.29%
2026-10-07T16:08:50Z	deskcommcrm-supabase-rest-1	44.37MiB / 7.755GiB	0.09%
2026-10-07T16:08:50Z	deskcommcrm-supabase-db-1	156.5MiB / 7.755GiB	0.23%
2026-10-07T16:08:50Z	deskcommcrm-supabase-studio-1	117.1MiB / 7.755GiB	0.00%
2026-10-07T16:08:50Z	deskcommcrm-supabase-imgproxy-1	23.92MiB / 7.755GiB	0.00%
2026-10-07T16:08:50Z	coolify-sentinel	7.648MiB / 7.755GiB	0.03%
2026-10-07T16:08:50Z	coolify-proxy	111.7MiB / 7.755GiB	0.23%
2026-10-07T16:08:50Z	coolify	130.5MiB / 7.755GiB	0.30%
2026-10-07T16:08:50Z	coolify-db	18.2MiB / 7.755GiB	0.00%
2026-10-07T16:08:50Z	coolify-redis	8.41MiB / 7.755GiB	0.34%
2026-10-07T16:08:50Z	coolify-realtime	21.04MiB / 7.755GiB	2.19%
2026-10-07T16:08:57Z	deskcommcrm-app-1	208.8MiB / 768MiB	0.01%
2026-10-07T16:08:57Z	deskcommcrm-scheduler-1	2.461MiB / 7.755GiB	0.00%
2026-10-07T16:08:57Z	deskcommcrm-srh-1	7.059MiB / 7.755GiB	0.01%
2026-10-07T16:08:57Z	deskcommcrm-waha-1	107.8MiB / 1.25GiB	0.06%
2026-10-07T16:08:57Z	deskcommcrm-redis-1	1.402MiB / 7.755GiB	0.30%
2026-10-07T16:08:57Z	deskcommcrm-worker-1	116.9MiB / 512MiB	0.09%
2026-10-07T16:08:57Z	deskcommcrm-supabase-functions-1	2.527MiB / 7.755GiB	0.01%
2026-10-07T16:08:57Z	deskcommcrm-supabase-storage-1	24.45MiB / 7.755GiB	0.01%
2026-10-07T16:08:57Z	deskcommcrm-supabase-realtime-1	51.46MiB / 7.755GiB	0.52%
2026-10-07T16:08:57Z	deskcommcrm-supabase-meta-1	28.77MiB / 7.755GiB	0.14%
2026-10-07T16:08:57Z	deskcommcrm-supabase-auth-1	12.16MiB / 7.755GiB	0.02%
2026-10-07T16:08:57Z	deskcommcrm-supabase-supavisor-1	39.84MiB / 7.755GiB	2.88%
2026-10-07T16:08:57Z	deskcommcrm-supabase-api-gw-1	16.09MiB / 7.755GiB	0.32%
2026-10-07T16:08:57Z	deskcommcrm-supabase-rest-1	44.37MiB / 7.755GiB	2.35%
2026-10-07T16:08:57Z	deskcommcrm-supabase-db-1	156.5MiB / 7.755GiB	1.41%
2026-10-07T16:08:57Z	deskcommcrm-supabase-studio-1	117.1MiB / 7.755GiB	0.00%
2026-10-07T16:08:57Z	deskcommcrm-supabase-imgproxy-1	23.91MiB / 7.755GiB	4.88%
2026-10-07T16:08:57Z	coolify-sentinel	7.648MiB / 7.755GiB	0.03%
2026-10-07T16:08:57Z	coolify-proxy	111.7MiB / 7.755GiB	0.16%
2026-10-07T16:08:57Z	coolify	130.5MiB / 7.755GiB	0.24%
2026-10-07T16:08:57Z	coolify-db	18.2MiB / 7.755GiB	2.25%
2026-10-07T16:08:57Z	coolify-redis	8.41MiB / 7.755GiB	2.28%
2026-10-07T16:08:57Z	coolify-realtime	21.04MiB / 7.755GiB	0.27%
2026-10-07T16:09:04Z	deskcommcrm-app-1	208.9MiB / 768MiB	0.31%
2026-10-07T16:09:04Z	deskcommcrm-scheduler-1	2.574MiB / 7.755GiB	0.00%
2026-10-07T16:09:04Z	deskcommcrm-srh-1	7.059MiB / 7.755GiB	0.01%
2026-10-07T16:09:04Z	deskcommcrm-waha-1	107.8MiB / 1.25GiB	0.07%
2026-10-07T16:09:04Z	deskcommcrm-redis-1	1.402MiB / 7.755GiB	0.32%
2026-10-07T16:09:04Z	deskcommcrm-worker-1	116.9MiB / 512MiB	0.07%
2026-10-07T16:09:04Z	deskcommcrm-supabase-functions-1	2.527MiB / 7.755GiB	0.01%
2026-10-07T16:09:04Z	deskcommcrm-supabase-storage-1	24.46MiB / 7.755GiB	0.00%
2026-10-07T16:09:04Z	deskcommcrm-supabase-realtime-1	51.46MiB / 7.755GiB	0.70%
2026-10-07T16:09:04Z	deskcommcrm-supabase-meta-1	28.77MiB / 7.755GiB	0.17%
2026-10-07T16:09:04Z	deskcommcrm-supabase-auth-1	12.16MiB / 7.755GiB	0.00%
2026-10-07T16:09:04Z	deskcommcrm-supabase-supavisor-1	39.84MiB / 7.755GiB	0.30%
2026-10-07T16:09:04Z	deskcommcrm-supabase-api-gw-1	16.1MiB / 7.755GiB	0.21%
2026-10-07T16:09:04Z	deskcommcrm-supabase-rest-1	44.39MiB / 7.755GiB	2.42%
2026-10-07T16:09:04Z	deskcommcrm-supabase-db-1	158.8MiB / 7.755GiB	2.53%
2026-10-07T16:09:04Z	deskcommcrm-supabase-studio-1	117.2MiB / 7.755GiB	0.02%
2026-10-07T16:09:04Z	deskcommcrm-supabase-imgproxy-1	23.9MiB / 7.755GiB	0.42%
2026-10-07T16:09:04Z	coolify-sentinel	7.652MiB / 7.755GiB	2.08%
2026-10-07T16:09:04Z	coolify-proxy	111.7MiB / 7.755GiB	2.11%
2026-10-07T16:09:04Z	coolify	130.9MiB / 7.755GiB	0.25%
2026-10-07T16:09:04Z	coolify-db	18.25MiB / 7.755GiB	0.00%
2026-10-07T16:09:04Z	coolify-redis	8.426MiB / 7.755GiB	0.31%
2026-10-07T16:09:04Z	coolify-realtime	21.05MiB / 7.755GiB	0.35%
2026-10-07T16:09:11Z	deskcommcrm-app-1	208.9MiB / 768MiB	0.00%
2026-10-07T16:09:11Z	deskcommcrm-scheduler-1	2.453MiB / 7.755GiB	0.00%
2026-10-07T16:09:11Z	deskcommcrm-srh-1	7.066MiB / 7.755GiB	0.01%
2026-10-07T16:09:11Z	deskcommcrm-waha-1	107.8MiB / 1.25GiB	0.05%
2026-10-07T16:09:11Z	deskcommcrm-redis-1	1.402MiB / 7.755GiB	0.34%
2026-10-07T16:09:11Z	deskcommcrm-worker-1	117MiB / 512MiB	0.06%
2026-10-07T16:09:11Z	deskcommcrm-supabase-functions-1	2.531MiB / 7.755GiB	0.02%
2026-10-07T16:09:11Z	deskcommcrm-supabase-storage-1	24.45MiB / 7.755GiB	0.00%
2026-10-07T16:09:11Z	deskcommcrm-supabase-realtime-1	51.46MiB / 7.755GiB	0.22%
2026-10-07T16:09:11Z	deskcommcrm-supabase-meta-1	28.77MiB / 7.755GiB	0.24%
2026-10-07T16:09:11Z	deskcommcrm-supabase-auth-1	12.16MiB / 7.755GiB	0.05%
2026-10-07T16:09:11Z	deskcommcrm-supabase-supavisor-1	39.84MiB / 7.755GiB	0.19%
2026-10-07T16:09:11Z	deskcommcrm-supabase-api-gw-1	16.1MiB / 7.755GiB	0.34%
2026-10-07T16:09:11Z	deskcommcrm-supabase-rest-1	44.39MiB / 7.755GiB	0.06%
2026-10-07T16:09:11Z	deskcommcrm-supabase-db-1	156.9MiB / 7.755GiB	0.08%
2026-10-07T16:09:11Z	deskcommcrm-supabase-studio-1	117.3MiB / 7.755GiB	0.00%
2026-10-07T16:09:11Z	deskcommcrm-supabase-imgproxy-1	23.93MiB / 7.755GiB	0.00%
2026-10-07T16:09:11Z	coolify-sentinel	7.723MiB / 7.755GiB	0.04%
2026-10-07T16:09:11Z	coolify-proxy	111.7MiB / 7.755GiB	2.15%
2026-10-07T16:09:11Z	coolify	130.9MiB / 7.755GiB	4.03%
2026-10-07T16:09:11Z	coolify-db	18.25MiB / 7.755GiB	2.35%
2026-10-07T16:09:11Z	coolify-redis	8.434MiB / 7.755GiB	0.46%
2026-10-07T16:09:11Z	coolify-realtime	21.04MiB / 7.755GiB	0.37%
2026-10-07T16:09:18Z	deskcommcrm-app-1	208.9MiB / 768MiB	0.00%
2026-10-07T16:09:18Z	deskcommcrm-scheduler-1	2.453MiB / 7.755GiB	0.00%
2026-10-07T16:09:18Z	deskcommcrm-srh-1	7.066MiB / 7.755GiB	0.02%
2026-10-07T16:09:18Z	deskcommcrm-waha-1	107.8MiB / 1.25GiB	0.38%
2026-10-07T16:09:18Z	deskcommcrm-redis-1	1.402MiB / 7.755GiB	0.28%
2026-10-07T16:09:18Z	deskcommcrm-worker-1	117.1MiB / 512MiB	0.48%
2026-10-07T16:09:18Z	deskcommcrm-supabase-functions-1	2.527MiB / 7.755GiB	0.01%
2026-10-07T16:09:18Z	deskcommcrm-supabase-storage-1	24.53MiB / 7.755GiB	0.01%
2026-10-07T16:09:18Z	deskcommcrm-supabase-realtime-1	51.46MiB / 7.755GiB	0.50%
2026-10-07T16:09:18Z	deskcommcrm-supabase-meta-1	28.77MiB / 7.755GiB	0.11%
2026-10-07T16:09:18Z	deskcommcrm-supabase-auth-1	12.17MiB / 7.755GiB	1.85%
2026-10-07T16:09:18Z	deskcommcrm-supabase-supavisor-1	39.84MiB / 7.755GiB	3.08%
2026-10-07T16:09:18Z	deskcommcrm-supabase-api-gw-1	16.1MiB / 7.755GiB	0.22%
2026-10-07T16:09:18Z	deskcommcrm-supabase-rest-1	44.39MiB / 7.755GiB	2.09%
2026-10-07T16:09:18Z	deskcommcrm-supabase-db-1	160.6MiB / 7.755GiB	1.93%
2026-10-07T16:09:18Z	deskcommcrm-supabase-studio-1	117.4MiB / 7.755GiB	7.51%
2026-10-07T16:09:18Z	deskcommcrm-supabase-imgproxy-1	23.91MiB / 7.755GiB	0.00%
2026-10-07T16:09:18Z	coolify-sentinel	7.676MiB / 7.755GiB	0.03%
2026-10-07T16:09:18Z	coolify-proxy	111.7MiB / 7.755GiB	0.14%
2026-10-07T16:09:18Z	coolify	130.9MiB / 7.755GiB	0.26%
2026-10-07T16:09:18Z	coolify-db	18.25MiB / 7.755GiB	0.00%
2026-10-07T16:09:18Z	coolify-redis	8.426MiB / 7.755GiB	0.31%
2026-10-07T16:09:18Z	coolify-realtime	21.04MiB / 7.755GiB	0.30%
2026-10-07T16:09:25Z	deskcommcrm-app-1	208.9MiB / 768MiB	0.00%
2026-10-07T16:09:25Z	deskcommcrm-scheduler-1	2.453MiB / 7.755GiB	0.00%
2026-10-07T16:09:25Z	deskcommcrm-srh-1	7.066MiB / 7.755GiB	0.01%
2026-10-07T16:09:25Z	deskcommcrm-waha-1	107.8MiB / 1.25GiB	0.05%
2026-10-07T16:09:25Z	deskcommcrm-redis-1	1.402MiB / 7.755GiB	0.29%
2026-10-07T16:09:25Z	deskcommcrm-worker-1	117MiB / 512MiB	0.25%
2026-10-07T16:09:25Z	deskcommcrm-supabase-functions-1	2.527MiB / 7.755GiB	0.01%
2026-10-07T16:09:25Z	deskcommcrm-supabase-storage-1	24.53MiB / 7.755GiB	0.00%
2026-10-07T16:09:25Z	deskcommcrm-supabase-realtime-1	51.46MiB / 7.755GiB	0.23%
2026-10-07T16:09:25Z	deskcommcrm-supabase-meta-1	28.77MiB / 7.755GiB	6.94%
2026-10-07T16:09:25Z	deskcommcrm-supabase-auth-1	12.17MiB / 7.755GiB	0.03%
2026-10-07T16:09:25Z	deskcommcrm-supabase-supavisor-1	39.84MiB / 7.755GiB	0.15%
2026-10-07T16:09:25Z	deskcommcrm-supabase-api-gw-1	16.1MiB / 7.755GiB	0.29%
2026-10-07T16:09:25Z	deskcommcrm-supabase-rest-1	44.39MiB / 7.755GiB	0.04%
2026-10-07T16:09:25Z	deskcommcrm-supabase-db-1	156.9MiB / 7.755GiB	0.44%
2026-10-07T16:09:25Z	deskcommcrm-supabase-studio-1	117.4MiB / 7.755GiB	0.00%
2026-10-07T16:09:25Z	deskcommcrm-supabase-imgproxy-1	23.89MiB / 7.755GiB	0.00%
2026-10-07T16:09:25Z	coolify-sentinel	7.676MiB / 7.755GiB	0.03%
2026-10-07T16:09:25Z	coolify-proxy	111.7MiB / 7.755GiB	0.04%
2026-10-07T16:09:25Z	coolify	130.9MiB / 7.755GiB	0.22%
2026-10-07T16:09:25Z	coolify-db	18.25MiB / 7.755GiB	0.00%
2026-10-07T16:09:25Z	coolify-redis	8.426MiB / 7.755GiB	0.31%
2026-10-07T16:09:25Z	coolify-realtime	21.06MiB / 7.755GiB	0.33%
2026-10-07T16:09:33Z	deskcommcrm-app-1	208.9MiB / 768MiB	0.02%
2026-10-07T16:09:33Z	deskcommcrm-scheduler-1	2.453MiB / 7.755GiB	0.00%
2026-10-07T16:09:33Z	deskcommcrm-srh-1	7.066MiB / 7.755GiB	0.01%
2026-10-07T16:09:33Z	deskcommcrm-waha-1	107.8MiB / 1.25GiB	0.05%
2026-10-07T16:09:33Z	deskcommcrm-redis-1	1.402MiB / 7.755GiB	0.26%
2026-10-07T16:09:33Z	deskcommcrm-worker-1	117.1MiB / 512MiB	0.15%
2026-10-07T16:09:33Z	deskcommcrm-supabase-functions-1	2.531MiB / 7.755GiB	0.01%
2026-10-07T16:09:33Z	deskcommcrm-supabase-storage-1	24.53MiB / 7.755GiB	0.00%
2026-10-07T16:09:33Z	deskcommcrm-supabase-realtime-1	51.46MiB / 7.755GiB	2.67%
2026-10-07T16:09:33Z	deskcommcrm-supabase-meta-1	28.77MiB / 7.755GiB	0.14%
2026-10-07T16:09:33Z	deskcommcrm-supabase-auth-1	12.17MiB / 7.755GiB	0.01%
2026-10-07T16:09:33Z	deskcommcrm-supabase-supavisor-1	39.84MiB / 7.755GiB	0.18%
2026-10-07T16:09:33Z	deskcommcrm-supabase-api-gw-1	16.1MiB / 7.755GiB	0.26%
2026-10-07T16:09:33Z	deskcommcrm-supabase-rest-1	44.39MiB / 7.755GiB	2.23%
2026-10-07T16:09:33Z	deskcommcrm-supabase-db-1	157.1MiB / 7.755GiB	3.83%
2026-10-07T16:09:33Z	deskcommcrm-supabase-studio-1	117.5MiB / 7.755GiB	0.00%
2026-10-07T16:09:33Z	deskcommcrm-supabase-imgproxy-1	23.92MiB / 7.755GiB	4.84%
2026-10-07T16:09:33Z	coolify-sentinel	7.676MiB / 7.755GiB	0.02%
2026-10-07T16:09:33Z	coolify-proxy	111.7MiB / 7.755GiB	0.14%
2026-10-07T16:09:33Z	coolify	130.9MiB / 7.755GiB	0.34%
2026-10-07T16:09:33Z	coolify-db	18.25MiB / 7.755GiB	0.00%
2026-10-07T16:09:33Z	coolify-redis	8.426MiB / 7.755GiB	0.35%
2026-10-07T16:09:33Z	coolify-realtime	21.07MiB / 7.755GiB	0.29%
2026-10-07T16:09:40Z	deskcommcrm-app-1	208.9MiB / 768MiB	0.00%
2026-10-07T16:09:40Z	deskcommcrm-scheduler-1	2.453MiB / 7.755GiB	0.00%
2026-10-07T16:09:40Z	deskcommcrm-srh-1	7.066MiB / 7.755GiB	0.01%
2026-10-07T16:09:40Z	deskcommcrm-waha-1	107.8MiB / 1.25GiB	0.05%
2026-10-07T16:09:40Z	deskcommcrm-redis-1	1.402MiB / 7.755GiB	0.26%
2026-10-07T16:09:40Z	deskcommcrm-worker-1	117.1MiB / 512MiB	0.06%
2026-10-07T16:09:40Z	deskcommcrm-supabase-functions-1	2.531MiB / 7.755GiB	1.83%
2026-10-07T16:09:40Z	deskcommcrm-supabase-storage-1	24.53MiB / 7.755GiB	0.01%
2026-10-07T16:09:40Z	deskcommcrm-supabase-realtime-1	51.46MiB / 7.755GiB	0.25%
2026-10-07T16:09:40Z	deskcommcrm-supabase-meta-1	28.95MiB / 7.755GiB	0.14%
2026-10-07T16:09:40Z	deskcommcrm-supabase-auth-1	12.17MiB / 7.755GiB	0.01%
2026-10-07T16:09:40Z	deskcommcrm-supabase-supavisor-1	39.84MiB / 7.755GiB	0.78%
2026-10-07T16:09:40Z	deskcommcrm-supabase-api-gw-1	16.1MiB / 7.755GiB	2.01%
2026-10-07T16:09:40Z	deskcommcrm-supabase-rest-1	44.4MiB / 7.755GiB	0.04%
2026-10-07T16:09:40Z	deskcommcrm-supabase-db-1	157.1MiB / 7.755GiB	0.09%
2026-10-07T16:09:40Z	deskcommcrm-supabase-studio-1	117.5MiB / 7.755GiB	0.01%
2026-10-07T16:09:40Z	deskcommcrm-supabase-imgproxy-1	23.91MiB / 7.755GiB	0.00%
2026-10-07T16:09:40Z	coolify-sentinel	7.676MiB / 7.755GiB	0.03%
2026-10-07T16:09:40Z	coolify-proxy	111.7MiB / 7.755GiB	1.85%
2026-10-07T16:09:40Z	coolify	130.9MiB / 7.755GiB	0.23%
2026-10-07T16:09:40Z	coolify-db	18.25MiB / 7.755GiB	0.00%
2026-10-07T16:09:40Z	coolify-redis	8.426MiB / 7.755GiB	0.31%
2026-10-07T16:09:40Z	coolify-realtime	21.07MiB / 7.755GiB	0.29%
2026-10-07T16:09:47Z	deskcommcrm-app-1	208.9MiB / 768MiB	4.06%
2026-10-07T16:09:47Z	deskcommcrm-scheduler-1	2.453MiB / 7.755GiB	0.00%
2026-10-07T16:09:47Z	deskcommcrm-srh-1	7.066MiB / 7.755GiB	0.01%
2026-10-07T16:09:47Z	deskcommcrm-waha-1	107.8MiB / 1.25GiB	0.05%
2026-10-07T16:09:47Z	deskcommcrm-redis-1	1.402MiB / 7.755GiB	0.30%
2026-10-07T16:09:47Z	deskcommcrm-worker-1	117.1MiB / 512MiB	1.11%
2026-10-07T16:09:47Z	deskcommcrm-supabase-functions-1	2.527MiB / 7.755GiB	0.02%
2026-10-07T16:09:47Z	deskcommcrm-supabase-storage-1	24.53MiB / 7.755GiB	0.00%
2026-10-07T16:09:47Z	deskcommcrm-supabase-realtime-1	51.46MiB / 7.755GiB	0.33%
2026-10-07T16:09:47Z	deskcommcrm-supabase-meta-1	28.95MiB / 7.755GiB	0.13%
2026-10-07T16:09:47Z	deskcommcrm-supabase-auth-1	12.17MiB / 7.755GiB	0.01%
2026-10-07T16:09:47Z	deskcommcrm-supabase-supavisor-1	39.84MiB / 7.755GiB	0.07%
2026-10-07T16:09:47Z	deskcommcrm-supabase-api-gw-1	16.1MiB / 7.755GiB	0.38%
2026-10-07T16:09:47Z	deskcommcrm-supabase-rest-1	44.41MiB / 7.755GiB	2.40%
2026-10-07T16:09:47Z	deskcommcrm-supabase-db-1	157.1MiB / 7.755GiB	1.94%
2026-10-07T16:09:47Z	deskcommcrm-supabase-studio-1	117.6MiB / 7.755GiB	0.00%
2026-10-07T16:09:47Z	deskcommcrm-supabase-imgproxy-1	23.89MiB / 7.755GiB	0.00%
2026-10-07T16:09:47Z	coolify-sentinel	7.688MiB / 7.755GiB	0.03%
2026-10-07T16:09:47Z	coolify-proxy	111.8MiB / 7.755GiB	0.36%
2026-10-07T16:09:47Z	coolify	130.9MiB / 7.755GiB	3.44%
2026-10-07T16:09:47Z	coolify-db	18.25MiB / 7.755GiB	2.19%
2026-10-07T16:09:47Z	coolify-redis	8.426MiB / 7.755GiB	2.11%
2026-10-07T16:09:47Z	coolify-realtime	21.08MiB / 7.755GiB	0.31%
2026-10-07T16:09:54Z	deskcommcrm-app-1	208.9MiB / 768MiB	0.00%
2026-10-07T16:09:54Z	deskcommcrm-scheduler-1	2.453MiB / 7.755GiB	0.00%
2026-10-07T16:09:54Z	deskcommcrm-srh-1	7.066MiB / 7.755GiB	0.01%
2026-10-07T16:09:54Z	deskcommcrm-waha-1	107.8MiB / 1.25GiB	0.07%
2026-10-07T16:09:54Z	deskcommcrm-redis-1	1.402MiB / 7.755GiB	0.34%
2026-10-07T16:09:54Z	deskcommcrm-worker-1	117.1MiB / 512MiB	0.17%
2026-10-07T16:09:54Z	deskcommcrm-supabase-functions-1	2.527MiB / 7.755GiB	0.01%
2026-10-07T16:09:54Z	deskcommcrm-supabase-storage-1	24.54MiB / 7.755GiB	1.82%
2026-10-07T16:09:54Z	deskcommcrm-supabase-realtime-1	51.46MiB / 7.755GiB	1.08%
2026-10-07T16:09:54Z	deskcommcrm-supabase-meta-1	28.95MiB / 7.755GiB	0.14%
2026-10-07T16:09:54Z	deskcommcrm-supabase-auth-1	12.17MiB / 7.755GiB	0.00%
2026-10-07T16:09:54Z	deskcommcrm-supabase-supavisor-1	39.87MiB / 7.755GiB	1.88%
2026-10-07T16:09:54Z	deskcommcrm-supabase-api-gw-1	16.1MiB / 7.755GiB	0.29%
2026-10-07T16:09:54Z	deskcommcrm-supabase-rest-1	44.39MiB / 7.755GiB	2.15%
2026-10-07T16:09:54Z	deskcommcrm-supabase-db-1	157.1MiB / 7.755GiB	0.12%
2026-10-07T16:09:54Z	deskcommcrm-supabase-studio-1	117.7MiB / 7.755GiB	7.42%
2026-10-07T16:09:54Z	deskcommcrm-supabase-imgproxy-1	23.89MiB / 7.755GiB	0.31%
2026-10-07T16:09:54Z	coolify-sentinel	7.688MiB / 7.755GiB	0.03%
2026-10-07T16:09:54Z	coolify-proxy	111.8MiB / 7.755GiB	0.11%
2026-10-07T16:09:54Z	coolify	130.9MiB / 7.755GiB	0.28%
2026-10-07T16:09:54Z	coolify-db	18.25MiB / 7.755GiB	0.00%
2026-10-07T16:09:54Z	coolify-redis	8.402MiB / 7.755GiB	0.35%
2026-10-07T16:09:54Z	coolify-realtime	21.11MiB / 7.755GiB	0.36%
2026-10-07T16:10:01Z	deskcommcrm-app-1	209.6MiB / 768MiB	0.78%
2026-10-07T16:10:01Z	deskcommcrm-scheduler-1	2.73MiB / 7.755GiB	0.00%
2026-10-07T16:10:01Z	deskcommcrm-srh-1	7.066MiB / 7.755GiB	0.01%
2026-10-07T16:10:01Z	deskcommcrm-waha-1	107.8MiB / 1.25GiB	0.05%
2026-10-07T16:10:01Z	deskcommcrm-redis-1	1.402MiB / 7.755GiB	0.30%
2026-10-07T16:10:01Z	deskcommcrm-worker-1	117.1MiB / 512MiB	0.23%
2026-10-07T16:10:01Z	deskcommcrm-supabase-functions-1	2.531MiB / 7.755GiB	0.01%
2026-10-07T16:10:01Z	deskcommcrm-supabase-storage-1	24.54MiB / 7.755GiB	0.00%
2026-10-07T16:10:01Z	deskcommcrm-supabase-realtime-1	51.46MiB / 7.755GiB	0.23%
2026-10-07T16:10:01Z	deskcommcrm-supabase-meta-1	28.95MiB / 7.755GiB	7.44%
2026-10-07T16:10:01Z	deskcommcrm-supabase-auth-1	12.29MiB / 7.755GiB	0.07%
2026-10-07T16:10:01Z	deskcommcrm-supabase-supavisor-1	39.84MiB / 7.755GiB	0.37%
2026-10-07T16:10:01Z	deskcommcrm-supabase-api-gw-1	16.11MiB / 7.755GiB	0.36%
2026-10-07T16:10:01Z	deskcommcrm-supabase-rest-1	44.59MiB / 7.755GiB	0.17%
2026-10-07T16:10:01Z	deskcommcrm-supabase-db-1	159.3MiB / 7.755GiB	0.20%
2026-10-07T16:10:01Z	deskcommcrm-supabase-studio-1	117.7MiB / 7.755GiB	0.00%
2026-10-07T16:10:01Z	deskcommcrm-supabase-imgproxy-1	23.91MiB / 7.755GiB	0.00%
2026-10-07T16:10:01Z	coolify-sentinel	7.688MiB / 7.755GiB	0.03%
2026-10-07T16:10:01Z	coolify-proxy	112MiB / 7.755GiB	0.94%
2026-10-07T16:10:01Z	coolify	130.1MiB / 7.755GiB	0.28%
2026-10-07T16:10:01Z	coolify-db	17.94MiB / 7.755GiB	0.00%
2026-10-07T16:10:01Z	coolify-redis	8.422MiB / 7.755GiB	0.36%
2026-10-07T16:10:01Z	coolify-realtime	21.1MiB / 7.755GiB	0.36%
2026-10-07T16:10:08Z	deskcommcrm-app-1	209.2MiB / 768MiB	0.00%
2026-10-07T16:10:08Z	deskcommcrm-scheduler-1	2.727MiB / 7.755GiB	0.00%
2026-10-07T16:10:08Z	deskcommcrm-srh-1	7.07MiB / 7.755GiB	0.01%
2026-10-07T16:10:08Z	deskcommcrm-waha-1	107.8MiB / 1.25GiB	0.07%
2026-10-07T16:10:08Z	deskcommcrm-redis-1	1.402MiB / 7.755GiB	0.27%
2026-10-07T16:10:08Z	deskcommcrm-worker-1	117.2MiB / 512MiB	0.17%
2026-10-07T16:10:08Z	deskcommcrm-supabase-functions-1	2.527MiB / 7.755GiB	0.01%
2026-10-07T16:10:08Z	deskcommcrm-supabase-storage-1	24.54MiB / 7.755GiB	0.00%
2026-10-07T16:10:08Z	deskcommcrm-supabase-realtime-1	51.46MiB / 7.755GiB	0.75%
2026-10-07T16:10:08Z	deskcommcrm-supabase-meta-1	28.97MiB / 7.755GiB	0.16%
2026-10-07T16:10:08Z	deskcommcrm-supabase-auth-1	12.29MiB / 7.755GiB	1.83%
2026-10-07T16:10:08Z	deskcommcrm-supabase-supavisor-1	39.85MiB / 7.755GiB	2.64%
2026-10-07T16:10:08Z	deskcommcrm-supabase-api-gw-1	16.1MiB / 7.755GiB	0.19%
2026-10-07T16:10:08Z	deskcommcrm-supabase-rest-1	44.41MiB / 7.755GiB	2.23%
2026-10-07T16:10:08Z	deskcommcrm-supabase-db-1	159.5MiB / 7.755GiB	2.58%
2026-10-07T16:10:08Z	deskcommcrm-supabase-studio-1	117.7MiB / 7.755GiB	0.00%
2026-10-07T16:10:08Z	deskcommcrm-supabase-imgproxy-1	23.92MiB / 7.755GiB	5.48%
2026-10-07T16:10:08Z	coolify-sentinel	7.68MiB / 7.755GiB	0.03%
2026-10-07T16:10:08Z	coolify-proxy	112MiB / 7.755GiB	2.27%
2026-10-07T16:10:08Z	coolify	130.1MiB / 7.755GiB	0.37%
2026-10-07T16:10:08Z	coolify-db	17.94MiB / 7.755GiB	0.04%
2026-10-07T16:10:08Z	coolify-redis	8.422MiB / 7.755GiB	0.39%
2026-10-07T16:10:08Z	coolify-realtime	21.1MiB / 7.755GiB	0.30%
2026-10-07T16:10:15Z	deskcommcrm-app-1	209.2MiB / 768MiB	0.00%
2026-10-07T16:10:15Z	deskcommcrm-scheduler-1	2.457MiB / 7.755GiB	0.00%
2026-10-07T16:10:15Z	deskcommcrm-srh-1	7.07MiB / 7.755GiB	0.04%
2026-10-07T16:10:15Z	deskcommcrm-waha-1	107.9MiB / 1.25GiB	0.06%
2026-10-07T16:10:15Z	deskcommcrm-redis-1	1.402MiB / 7.755GiB	0.27%
2026-10-07T16:10:15Z	deskcommcrm-worker-1	117.2MiB / 512MiB	0.05%
2026-10-07T16:10:15Z	deskcommcrm-supabase-functions-1	2.531MiB / 7.755GiB	1.85%
2026-10-07T16:10:15Z	deskcommcrm-supabase-storage-1	24.54MiB / 7.755GiB	0.01%
2026-10-07T16:10:15Z	deskcommcrm-supabase-realtime-1	51.46MiB / 7.755GiB	0.21%
2026-10-07T16:10:15Z	deskcommcrm-supabase-meta-1	28.97MiB / 7.755GiB	0.20%
2026-10-07T16:10:15Z	deskcommcrm-supabase-auth-1	12.29MiB / 7.755GiB	0.00%
2026-10-07T16:10:15Z	deskcommcrm-supabase-supavisor-1	39.85MiB / 7.755GiB	0.36%
2026-10-07T16:10:15Z	deskcommcrm-supabase-api-gw-1	16.11MiB / 7.755GiB	0.29%
2026-10-07T16:10:15Z	deskcommcrm-supabase-rest-1	44.48MiB / 7.755GiB	0.04%
2026-10-07T16:10:15Z	deskcommcrm-supabase-db-1	157.7MiB / 7.755GiB	0.18%
2026-10-07T16:10:15Z	deskcommcrm-supabase-studio-1	117.8MiB / 7.755GiB	0.04%
2026-10-07T16:10:15Z	deskcommcrm-supabase-imgproxy-1	23.89MiB / 7.755GiB	0.00%
2026-10-07T16:10:15Z	coolify-sentinel	7.66MiB / 7.755GiB	0.03%
2026-10-07T16:10:15Z	coolify-proxy	112MiB / 7.755GiB	0.06%
2026-10-07T16:10:15Z	coolify	130.1MiB / 7.755GiB	0.34%
2026-10-07T16:10:15Z	coolify-db	17.94MiB / 7.755GiB	0.01%
2026-10-07T16:10:15Z	coolify-redis	8.43MiB / 7.755GiB	0.38%
2026-10-07T16:10:15Z	coolify-realtime	21.1MiB / 7.755GiB	2.17%
2026-10-07T16:10:22Z	deskcommcrm-app-1	209.2MiB / 768MiB	0.00%
2026-10-07T16:10:22Z	deskcommcrm-scheduler-1	2.457MiB / 7.755GiB	0.00%
2026-10-07T16:10:22Z	deskcommcrm-srh-1	7.07MiB / 7.755GiB	0.01%
2026-10-07T16:10:22Z	deskcommcrm-waha-1	107.9MiB / 1.25GiB	0.05%
2026-10-07T16:10:22Z	deskcommcrm-redis-1	1.402MiB / 7.755GiB	0.27%
2026-10-07T16:10:22Z	deskcommcrm-worker-1	117.2MiB / 512MiB	0.21%
2026-10-07T16:10:22Z	deskcommcrm-supabase-functions-1	2.527MiB / 7.755GiB	0.01%
2026-10-07T16:10:22Z	deskcommcrm-supabase-storage-1	24.55MiB / 7.755GiB	0.06%
2026-10-07T16:10:22Z	deskcommcrm-supabase-realtime-1	51.46MiB / 7.755GiB	0.35%
2026-10-07T16:10:22Z	deskcommcrm-supabase-meta-1	28.97MiB / 7.755GiB	0.16%
2026-10-07T16:10:22Z	deskcommcrm-supabase-auth-1	12.29MiB / 7.755GiB	0.01%
2026-10-07T16:10:22Z	deskcommcrm-supabase-supavisor-1	39.85MiB / 7.755GiB	0.25%
2026-10-07T16:10:22Z	deskcommcrm-supabase-api-gw-1	16.11MiB / 7.755GiB	0.35%
2026-10-07T16:10:22Z	deskcommcrm-supabase-rest-1	44.48MiB / 7.755GiB	1.89%
2026-10-07T16:10:22Z	deskcommcrm-supabase-db-1	161.2MiB / 7.755GiB	1.34%
2026-10-07T16:10:22Z	deskcommcrm-supabase-studio-1	117.8MiB / 7.755GiB	0.00%
2026-10-07T16:10:22Z	deskcommcrm-supabase-imgproxy-1	23.91MiB / 7.755GiB	0.00%
2026-10-07T16:10:22Z	coolify-sentinel	7.66MiB / 7.755GiB	0.04%
2026-10-07T16:10:22Z	coolify-proxy	112MiB / 7.755GiB	0.14%
2026-10-07T16:10:22Z	coolify	130.1MiB / 7.755GiB	4.00%
2026-10-07T16:10:22Z	coolify-db	17.95MiB / 7.755GiB	2.29%
2026-10-07T16:10:22Z	coolify-redis	8.422MiB / 7.755GiB	2.02%
2026-10-07T16:10:22Z	coolify-realtime	21.1MiB / 7.755GiB	0.39%
2026-10-07T16:10:29Z	deskcommcrm-app-1	209.2MiB / 768MiB	0.00%
2026-10-07T16:10:29Z	deskcommcrm-scheduler-1	2.457MiB / 7.755GiB	0.00%
2026-10-07T16:10:29Z	deskcommcrm-srh-1	7.07MiB / 7.755GiB	0.02%
2026-10-07T16:10:29Z	deskcommcrm-waha-1	107.9MiB / 1.25GiB	0.08%
2026-10-07T16:10:29Z	deskcommcrm-redis-1	1.402MiB / 7.755GiB	0.31%
2026-10-07T16:10:29Z	deskcommcrm-worker-1	117.3MiB / 512MiB	0.09%
2026-10-07T16:10:29Z	deskcommcrm-supabase-functions-1	2.527MiB / 7.755GiB	0.01%
2026-10-07T16:10:29Z	deskcommcrm-supabase-storage-1	24.55MiB / 7.755GiB	2.06%
2026-10-07T16:10:29Z	deskcommcrm-supabase-realtime-1	51.46MiB / 7.755GiB	0.24%
2026-10-07T16:10:29Z	deskcommcrm-supabase-meta-1	28.97MiB / 7.755GiB	0.15%
2026-10-07T16:10:29Z	deskcommcrm-supabase-auth-1	12.29MiB / 7.755GiB	0.01%
2026-10-07T16:10:29Z	deskcommcrm-supabase-supavisor-1	39.91MiB / 7.755GiB	0.68%
2026-10-07T16:10:29Z	deskcommcrm-supabase-api-gw-1	16.1MiB / 7.755GiB	2.32%
2026-10-07T16:10:29Z	deskcommcrm-supabase-rest-1	44.5MiB / 7.755GiB	0.04%
2026-10-07T16:10:29Z	deskcommcrm-supabase-db-1	157.8MiB / 7.755GiB	0.12%
2026-10-07T16:10:29Z	deskcommcrm-supabase-studio-1	117.8MiB / 7.755GiB	7.16%
2026-10-07T16:10:29Z	deskcommcrm-supabase-imgproxy-1	23.91MiB / 7.755GiB	0.00%
2026-10-07T16:10:29Z	coolify-sentinel	7.664MiB / 7.755GiB	0.03%
2026-10-07T16:10:29Z	coolify-proxy	112MiB / 7.755GiB	0.14%
2026-10-07T16:10:29Z	coolify	130.1MiB / 7.755GiB	0.55%
2026-10-07T16:10:29Z	coolify-db	17.95MiB / 7.755GiB	0.41%
2026-10-07T16:10:29Z	coolify-redis	8.422MiB / 7.755GiB	0.50%
2026-10-07T16:10:29Z	coolify-realtime	21.1MiB / 7.755GiB	0.32%
2026-10-07T16:10:37Z	deskcommcrm-app-1	209.2MiB / 768MiB	0.00%
2026-10-07T16:10:37Z	deskcommcrm-scheduler-1	2.457MiB / 7.755GiB	0.00%
2026-10-07T16:10:37Z	deskcommcrm-srh-1	7.07MiB / 7.755GiB	0.01%
2026-10-07T16:10:37Z	deskcommcrm-waha-1	107.9MiB / 1.25GiB	0.05%
2026-10-07T16:10:37Z	deskcommcrm-redis-1	1.402MiB / 7.755GiB	0.26%
2026-10-07T16:10:37Z	deskcommcrm-worker-1	117.3MiB / 512MiB	0.22%
2026-10-07T16:10:37Z	deskcommcrm-supabase-functions-1	2.531MiB / 7.755GiB	0.01%
2026-10-07T16:10:37Z	deskcommcrm-supabase-storage-1	24.56MiB / 7.755GiB	0.00%
2026-10-07T16:10:37Z	deskcommcrm-supabase-realtime-1	51.46MiB / 7.755GiB	0.12%
2026-10-07T16:10:37Z	deskcommcrm-supabase-meta-1	28.97MiB / 7.755GiB	7.66%
2026-10-07T16:10:37Z	deskcommcrm-supabase-auth-1	12.29MiB / 7.755GiB	0.00%
2026-10-07T16:10:37Z	deskcommcrm-supabase-supavisor-1	39.91MiB / 7.755GiB	0.22%
2026-10-07T16:10:37Z	deskcommcrm-supabase-api-gw-1	16.11MiB / 7.755GiB	0.20%
2026-10-07T16:10:37Z	deskcommcrm-supabase-rest-1	44.48MiB / 7.755GiB	0.02%
2026-10-07T16:10:37Z	deskcommcrm-supabase-db-1	157.9MiB / 7.755GiB	0.13%
2026-10-07T16:10:37Z	deskcommcrm-supabase-studio-1	117.8MiB / 7.755GiB	0.00%
2026-10-07T16:10:37Z	deskcommcrm-supabase-imgproxy-1	23.89MiB / 7.755GiB	0.00%
2026-10-07T16:10:37Z	coolify-sentinel	7.664MiB / 7.755GiB	0.03%
2026-10-07T16:10:37Z	coolify-proxy	112MiB / 7.755GiB	0.08%
2026-10-07T16:10:37Z	coolify	131MiB / 7.755GiB	2.27%
2026-10-07T16:10:37Z	coolify-db	21.46MiB / 7.755GiB	1.54%
2026-10-07T16:10:37Z	coolify-redis	8.426MiB / 7.755GiB	0.29%
2026-10-07T16:10:37Z	coolify-realtime	21.11MiB / 7.755GiB	0.30%
2026-10-07T16:10:44Z	deskcommcrm-app-1	209.2MiB / 768MiB	0.00%
2026-10-07T16:10:44Z	deskcommcrm-scheduler-1	2.457MiB / 7.755GiB	0.00%
2026-10-07T16:10:44Z	deskcommcrm-srh-1	7.07MiB / 7.755GiB	0.07%
2026-10-07T16:10:44Z	deskcommcrm-waha-1	107.9MiB / 1.25GiB	0.06%
2026-10-07T16:10:44Z	deskcommcrm-redis-1	1.402MiB / 7.755GiB	0.33%
2026-10-07T16:10:44Z	deskcommcrm-worker-1	117.3MiB / 512MiB	0.07%
2026-10-07T16:10:44Z	deskcommcrm-supabase-functions-1	2.527MiB / 7.755GiB	0.01%
2026-10-07T16:10:44Z	deskcommcrm-supabase-storage-1	24.55MiB / 7.755GiB	0.01%
2026-10-07T16:10:44Z	deskcommcrm-supabase-realtime-1	51.46MiB / 7.755GiB	0.50%
2026-10-07T16:10:44Z	deskcommcrm-supabase-meta-1	28.97MiB / 7.755GiB	0.25%
2026-10-07T16:10:44Z	deskcommcrm-supabase-auth-1	12.29MiB / 7.755GiB	1.75%
2026-10-07T16:10:44Z	deskcommcrm-supabase-supavisor-1	39.91MiB / 7.755GiB	0.50%
2026-10-07T16:10:44Z	deskcommcrm-supabase-api-gw-1	16.11MiB / 7.755GiB	0.13%
2026-10-07T16:10:44Z	deskcommcrm-supabase-rest-1	44.48MiB / 7.755GiB	2.09%
2026-10-07T16:10:44Z	deskcommcrm-supabase-db-1	157.9MiB / 7.755GiB	2.39%
2026-10-07T16:10:44Z	deskcommcrm-supabase-studio-1	117.8MiB / 7.755GiB	0.06%
2026-10-07T16:10:44Z	deskcommcrm-supabase-imgproxy-1	23.93MiB / 7.755GiB	5.40%
2026-10-07T16:10:44Z	coolify-sentinel	7.664MiB / 7.755GiB	2.24%
2026-10-07T16:10:44Z	coolify-proxy	112MiB / 7.755GiB	2.05%
2026-10-07T16:10:44Z	coolify	130.1MiB / 7.755GiB	0.36%
2026-10-07T16:10:44Z	coolify-db	17.94MiB / 7.755GiB	0.00%
2026-10-07T16:10:44Z	coolify-redis	8.43MiB / 7.755GiB	0.35%
2026-10-07T16:10:44Z	coolify-realtime	21.11MiB / 7.755GiB	0.28%
2026-10-07T16:10:51Z	deskcommcrm-app-1	209.2MiB / 768MiB	0.00%
2026-10-07T16:10:51Z	deskcommcrm-scheduler-1	2.457MiB / 7.755GiB	0.00%
2026-10-07T16:10:51Z	deskcommcrm-srh-1	7.07MiB / 7.755GiB	0.01%
2026-10-07T16:10:51Z	deskcommcrm-waha-1	107.9MiB / 1.25GiB	0.06%
2026-10-07T16:10:51Z	deskcommcrm-redis-1	1.402MiB / 7.755GiB	0.34%
2026-10-07T16:10:51Z	deskcommcrm-worker-1	117.4MiB / 512MiB	0.17%
2026-10-07T16:10:51Z	deskcommcrm-supabase-functions-1	2.527MiB / 7.755GiB	1.74%
2026-10-07T16:10:51Z	deskcommcrm-supabase-storage-1	24.55MiB / 7.755GiB	0.01%
2026-10-07T16:10:51Z	deskcommcrm-supabase-realtime-1	51.46MiB / 7.755GiB	0.12%
2026-10-07T16:10:51Z	deskcommcrm-supabase-meta-1	37.72MiB / 7.755GiB	4.35%
2026-10-07T16:10:51Z	deskcommcrm-supabase-auth-1	12.29MiB / 7.755GiB	0.04%
2026-10-07T16:10:51Z	deskcommcrm-supabase-supavisor-1	39.91MiB / 7.755GiB	0.33%
2026-10-07T16:10:51Z	deskcommcrm-supabase-api-gw-1	16.1MiB / 7.755GiB	0.37%
2026-10-07T16:10:51Z	deskcommcrm-supabase-rest-1	44.49MiB / 7.755GiB	0.05%
2026-10-07T16:10:51Z	deskcommcrm-supabase-db-1	157.9MiB / 7.755GiB	0.17%
2026-10-07T16:10:51Z	deskcommcrm-supabase-studio-1	117.9MiB / 7.755GiB	0.41%
2026-10-07T16:10:51Z	deskcommcrm-supabase-imgproxy-1	23.93MiB / 7.755GiB	0.00%
2026-10-07T16:10:51Z	coolify-sentinel	7.664MiB / 7.755GiB	0.03%
2026-10-07T16:10:51Z	coolify-proxy	112MiB / 7.755GiB	0.08%
2026-10-07T16:10:51Z	coolify	130.1MiB / 7.755GiB	0.23%
2026-10-07T16:10:51Z	coolify-db	17.95MiB / 7.755GiB	0.00%
2026-10-07T16:10:51Z	coolify-redis	8.422MiB / 7.755GiB	0.34%
2026-10-07T16:10:51Z	coolify-realtime	21.11MiB / 7.755GiB	2.16%
2026-10-07T16:10:58Z	deskcommcrm-app-1	209.2MiB / 768MiB	0.00%
2026-10-07T16:10:58Z	deskcommcrm-scheduler-1	2.457MiB / 7.755GiB	0.00%
2026-10-07T16:10:58Z	deskcommcrm-srh-1	7.07MiB / 7.755GiB	0.02%
2026-10-07T16:10:58Z	deskcommcrm-waha-1	107.9MiB / 1.25GiB	0.06%
2026-10-07T16:10:58Z	deskcommcrm-redis-1	1.402MiB / 7.755GiB	0.31%
2026-10-07T16:10:58Z	deskcommcrm-worker-1	117.4MiB / 512MiB	1.01%
2026-10-07T16:10:58Z	deskcommcrm-supabase-functions-1	2.531MiB / 7.755GiB	0.01%
2026-10-07T16:10:58Z	deskcommcrm-supabase-storage-1	24.56MiB / 7.755GiB	0.00%
2026-10-07T16:10:58Z	deskcommcrm-supabase-realtime-1	51.46MiB / 7.755GiB	0.18%
2026-10-07T16:10:58Z	deskcommcrm-supabase-meta-1	29.04MiB / 7.755GiB	0.37%
2026-10-07T16:10:58Z	deskcommcrm-supabase-auth-1	12.29MiB / 7.755GiB	0.00%
2026-10-07T16:10:58Z	deskcommcrm-supabase-supavisor-1	39.92MiB / 7.755GiB	2.97%
2026-10-07T16:10:58Z	deskcommcrm-supabase-api-gw-1	16.09MiB / 7.755GiB	0.27%
2026-10-07T16:10:58Z	deskcommcrm-supabase-rest-1	44.48MiB / 7.755GiB	3.07%
2026-10-07T16:10:58Z	deskcommcrm-supabase-db-1	157.9MiB / 7.755GiB	4.71%
2026-10-07T16:10:58Z	deskcommcrm-supabase-studio-1	117.9MiB / 7.755GiB	0.00%
2026-10-07T16:10:58Z	deskcommcrm-supabase-imgproxy-1	23.93MiB / 7.755GiB	0.00%
2026-10-07T16:10:58Z	coolify-sentinel	7.637MiB / 7.755GiB	0.21%
2026-10-07T16:10:58Z	coolify-proxy	112MiB / 7.755GiB	0.17%
2026-10-07T16:10:58Z	coolify	130.1MiB / 7.755GiB	42.25%
2026-10-07T16:10:58Z	coolify-db	17.95MiB / 7.755GiB	0.73%
2026-10-07T16:10:58Z	coolify-redis	8.41MiB / 7.755GiB	2.31%
2026-10-07T16:10:58Z	coolify-realtime	21.11MiB / 7.755GiB	1.19%
2026-10-07T16:11:05Z	deskcommcrm-app-1	209.2MiB / 768MiB	0.00%
2026-10-07T16:11:05Z	deskcommcrm-scheduler-1	2.574MiB / 7.755GiB	0.00%
2026-10-07T16:11:05Z	deskcommcrm-srh-1	7.07MiB / 7.755GiB	0.01%
2026-10-07T16:11:05Z	deskcommcrm-waha-1	107.9MiB / 1.25GiB	0.07%
2026-10-07T16:11:05Z	deskcommcrm-redis-1	1.402MiB / 7.755GiB	0.31%
2026-10-07T16:11:05Z	deskcommcrm-worker-1	117.4MiB / 512MiB	0.10%
2026-10-07T16:11:05Z	deskcommcrm-supabase-functions-1	2.531MiB / 7.755GiB	1.93%
2026-10-07T16:11:05Z	deskcommcrm-supabase-storage-1	24.57MiB / 7.755GiB	0.01%
2026-10-07T16:11:05Z	deskcommcrm-supabase-realtime-1	51.46MiB / 7.755GiB	0.28%
2026-10-07T16:11:05Z	deskcommcrm-supabase-meta-1	29.04MiB / 7.755GiB	0.15%
2026-10-07T16:11:05Z	deskcommcrm-supabase-auth-1	12.29MiB / 7.755GiB	1.79%
2026-10-07T16:11:05Z	deskcommcrm-supabase-supavisor-1	39.92MiB / 7.755GiB	0.41%
2026-10-07T16:11:05Z	deskcommcrm-supabase-api-gw-1	16.09MiB / 7.755GiB	0.30%
2026-10-07T16:11:05Z	deskcommcrm-supabase-rest-1	44.48MiB / 7.755GiB	0.04%
2026-10-07T16:11:05Z	deskcommcrm-supabase-db-1	160MiB / 7.755GiB	0.19%
2026-10-07T16:11:05Z	deskcommcrm-supabase-studio-1	117.9MiB / 7.755GiB	8.45%
2026-10-07T16:11:05Z	deskcommcrm-supabase-imgproxy-1	23.94MiB / 7.755GiB	0.00%
2026-10-07T16:11:05Z	coolify-sentinel	7.738MiB / 7.755GiB	0.03%
2026-10-07T16:11:05Z	coolify-proxy	112MiB / 7.755GiB	0.11%
2026-10-07T16:11:05Z	coolify	135MiB / 7.755GiB	4.24%
2026-10-07T16:11:05Z	coolify-db	18.86MiB / 7.755GiB	1.19%
2026-10-07T16:11:05Z	coolify-redis	9.105MiB / 7.755GiB	0.56%
2026-10-07T16:11:05Z	coolify-realtime	21.1MiB / 7.755GiB	2.30%
2026-10-07T16:11:12Z	deskcommcrm-app-1	209.2MiB / 768MiB	0.00%
2026-10-07T16:11:12Z	deskcommcrm-scheduler-1	2.453MiB / 7.755GiB	0.00%
2026-10-07T16:11:12Z	deskcommcrm-srh-1	7.07MiB / 7.755GiB	0.01%
2026-10-07T16:11:12Z	deskcommcrm-waha-1	107.9MiB / 1.25GiB	0.05%
2026-10-07T16:11:12Z	deskcommcrm-redis-1	1.402MiB / 7.755GiB	0.26%
2026-10-07T16:11:12Z	deskcommcrm-worker-1	117.5MiB / 512MiB	0.26%
2026-10-07T16:11:12Z	deskcommcrm-supabase-functions-1	2.527MiB / 7.755GiB	0.00%
2026-10-07T16:11:12Z	deskcommcrm-supabase-storage-1	24.57MiB / 7.755GiB	0.00%
2026-10-07T16:11:12Z	deskcommcrm-supabase-realtime-1	51.46MiB / 7.755GiB	0.37%
2026-10-07T16:11:12Z	deskcommcrm-supabase-meta-1	29.04MiB / 7.755GiB	0.12%
2026-10-07T16:11:12Z	deskcommcrm-supabase-auth-1	12.29MiB / 7.755GiB	0.02%
2026-10-07T16:11:12Z	deskcommcrm-supabase-supavisor-1	39.93MiB / 7.755GiB	0.18%
2026-10-07T16:11:12Z	deskcommcrm-supabase-api-gw-1	16.1MiB / 7.755GiB	0.20%
2026-10-07T16:11:12Z	deskcommcrm-supabase-rest-1	44.5MiB / 7.755GiB	0.04%
2026-10-07T16:11:12Z	deskcommcrm-supabase-db-1	158MiB / 7.755GiB	0.09%
2026-10-07T16:11:12Z	deskcommcrm-supabase-studio-1	118MiB / 7.755GiB	0.00%
2026-10-07T16:11:12Z	deskcommcrm-supabase-imgproxy-1	23.95MiB / 7.755GiB	0.00%
2026-10-07T16:11:12Z	coolify-sentinel	7.742MiB / 7.755GiB	0.03%
2026-10-07T16:11:12Z	coolify-proxy	112MiB / 7.755GiB	1.88%
2026-10-07T16:11:12Z	coolify	135MiB / 7.755GiB	3.60%
2026-10-07T16:11:12Z	coolify-db	18.87MiB / 7.755GiB	2.20%
2026-10-07T16:11:12Z	coolify-redis	9.109MiB / 7.755GiB	2.04%
2026-10-07T16:11:12Z	coolify-realtime	21.11MiB / 7.755GiB	0.30%
2026-10-07T16:11:19Z	deskcommcrm-app-1	209.2MiB / 768MiB	0.00%
2026-10-07T16:11:19Z	deskcommcrm-scheduler-1	2.453MiB / 7.755GiB	0.00%
2026-10-07T16:11:19Z	deskcommcrm-srh-1	7.07MiB / 7.755GiB	0.01%
2026-10-07T16:11:19Z	deskcommcrm-waha-1	107.9MiB / 1.25GiB	0.29%
2026-10-07T16:11:19Z	deskcommcrm-redis-1	1.402MiB / 7.755GiB	0.25%
2026-10-07T16:11:19Z	deskcommcrm-worker-1	117.6MiB / 512MiB	0.05%
2026-10-07T16:11:19Z	deskcommcrm-supabase-functions-1	2.527MiB / 7.755GiB	0.01%
2026-10-07T16:11:19Z	deskcommcrm-supabase-storage-1	24.57MiB / 7.755GiB	1.81%
2026-10-07T16:11:19Z	deskcommcrm-supabase-realtime-1	51.47MiB / 7.755GiB	0.27%
2026-10-07T16:11:19Z	deskcommcrm-supabase-meta-1	29.04MiB / 7.755GiB	0.13%
2026-10-07T16:11:19Z	deskcommcrm-supabase-auth-1	12.29MiB / 7.755GiB	0.01%
2026-10-07T16:11:19Z	deskcommcrm-supabase-supavisor-1	39.93MiB / 7.755GiB	0.73%
2026-10-07T16:11:19Z	deskcommcrm-supabase-api-gw-1	19.86MiB / 7.755GiB	0.98%
2026-10-07T16:11:19Z	deskcommcrm-supabase-rest-1	44.5MiB / 7.755GiB	2.20%
2026-10-07T16:11:19Z	deskcommcrm-supabase-db-1	161.4MiB / 7.755GiB	0.10%
2026-10-07T16:11:19Z	deskcommcrm-supabase-studio-1	118MiB / 7.755GiB	0.00%
2026-10-07T16:11:19Z	deskcommcrm-supabase-imgproxy-1	23.95MiB / 7.755GiB	0.00%
2026-10-07T16:11:19Z	coolify-sentinel	7.711MiB / 7.755GiB	0.03%
2026-10-07T16:11:19Z	coolify-proxy	112MiB / 7.755GiB	0.11%
2026-10-07T16:11:19Z	coolify	135MiB / 7.755GiB	0.22%
2026-10-07T16:11:19Z	coolify-db	18.87MiB / 7.755GiB	0.01%
2026-10-07T16:11:19Z	coolify-redis	8.734MiB / 7.755GiB	0.31%
2026-10-07T16:11:19Z	coolify-realtime	21.11MiB / 7.755GiB	0.34%
2026-10-07T16:11:26Z	deskcommcrm-app-1	209.2MiB / 768MiB	0.00%
2026-10-07T16:11:26Z	deskcommcrm-scheduler-1	2.453MiB / 7.755GiB	0.00%
2026-10-07T16:11:26Z	deskcommcrm-srh-1	7.07MiB / 7.755GiB	0.01%
2026-10-07T16:11:26Z	deskcommcrm-waha-1	108MiB / 1.25GiB	0.05%
2026-10-07T16:11:26Z	deskcommcrm-redis-1	1.402MiB / 7.755GiB	0.22%
2026-10-07T16:11:26Z	deskcommcrm-worker-1	117.5MiB / 512MiB	0.19%
2026-10-07T16:11:26Z	deskcommcrm-supabase-functions-1	2.531MiB / 7.755GiB	0.02%
2026-10-07T16:11:26Z	deskcommcrm-supabase-storage-1	24.57MiB / 7.755GiB	0.00%
2026-10-07T16:11:26Z	deskcommcrm-supabase-realtime-1	51.47MiB / 7.755GiB	0.16%
2026-10-07T16:11:26Z	deskcommcrm-supabase-meta-1	29.04MiB / 7.755GiB	7.44%
2026-10-07T16:11:26Z	deskcommcrm-supabase-auth-1	12.29MiB / 7.755GiB	0.00%
2026-10-07T16:11:26Z	deskcommcrm-supabase-supavisor-1	39.93MiB / 7.755GiB	0.23%
2026-10-07T16:11:26Z	deskcommcrm-supabase-api-gw-1	16.1MiB / 7.755GiB	0.22%
2026-10-07T16:11:26Z	deskcommcrm-supabase-rest-1	44.48MiB / 7.755GiB	0.04%
2026-10-07T16:11:26Z	deskcommcrm-supabase-db-1	158.1MiB / 7.755GiB	0.68%
2026-10-07T16:11:26Z	deskcommcrm-supabase-studio-1	118MiB / 7.755GiB	0.01%
2026-10-07T16:11:26Z	deskcommcrm-supabase-imgproxy-1	23.93MiB / 7.755GiB	0.00%
2026-10-07T16:11:26Z	coolify-sentinel	7.715MiB / 7.755GiB	0.04%
2026-10-07T16:11:26Z	coolify-proxy	112MiB / 7.755GiB	0.06%
2026-10-07T16:11:26Z	coolify	135MiB / 7.755GiB	0.33%
2026-10-07T16:11:26Z	coolify-db	18.87MiB / 7.755GiB	0.00%
2026-10-07T16:11:26Z	coolify-redis	8.48MiB / 7.755GiB	0.33%
2026-10-07T16:11:26Z	coolify-realtime	21.11MiB / 7.755GiB	0.39%
