2026-10-06T20:51:50Z	coolify	312.4MiB / 7.755GiB	0.34%
2026-10-06T20:51:50Z	coolify-db	35.37MiB / 7.755GiB	0.01%
2026-10-06T20:51:50Z	coolify-redis	5.082MiB / 7.755GiB	0.39%
2026-10-06T20:51:50Z	coolify-realtime	48.76MiB / 7.755GiB	0.28%
2026-10-06T20:52:22Z	coolify	317.1MiB / 7.755GiB	0.25%
2026-10-06T20:52:22Z	coolify-db	40.22MiB / 7.755GiB	0.86%
2026-10-06T20:52:22Z	coolify-redis	5.102MiB / 7.755GiB	0.43%
2026-10-06T20:52:22Z	coolify-realtime	49.08MiB / 7.755GiB	0.30%
2026-10-06T20:52:54Z	coolify	317.1MiB / 7.755GiB	0.36%
2026-10-06T20:52:54Z	coolify-db	35.82MiB / 7.755GiB	0.01%
2026-10-06T20:52:54Z	coolify-redis	5.078MiB / 7.755GiB	0.39%
2026-10-06T20:52:54Z	coolify-realtime	48.82MiB / 7.755GiB	0.33%
2026-10-06T20:53:26Z	coolify	312.4MiB / 7.755GiB	0.39%
2026-10-06T20:53:26Z	coolify-db	35.36MiB / 7.755GiB	0.00%
2026-10-06T20:53:26Z	coolify-redis	9.023MiB / 7.755GiB	2.19%
2026-10-06T20:53:26Z	coolify-realtime	48.95MiB / 7.755GiB	0.43%
2026-10-06T20:53:58Z	coolify	371.3MiB / 7.755GiB	45.10%
2026-10-06T20:53:58Z	coolify-db	35.36MiB / 7.755GiB	2.35%
2026-10-06T20:53:58Z	coolify-redis	5.082MiB / 7.755GiB	0.47%
2026-10-06T20:53:58Z	coolify-realtime	48.85MiB / 7.755GiB	0.36%
2026-10-06T20:54:30Z	coolify	311.6MiB / 7.755GiB	3.73%
2026-10-06T20:54:30Z	coolify-db	35.05MiB / 7.755GiB	0.00%
2026-10-06T20:54:30Z	coolify-redis	5.117MiB / 7.755GiB	0.37%
2026-10-06T20:54:30Z	coolify-realtime	48.88MiB / 7.755GiB	0.35%
2026-10-06T20:55:02Z	coolify	313.9MiB / 7.755GiB	0.29%
2026-10-06T20:55:02Z	coolify-db	35.18MiB / 7.755GiB	2.38%
2026-10-06T20:55:02Z	coolify-redis	5.125MiB / 7.755GiB	2.24%
2026-10-06T20:55:02Z	coolify-realtime	48.86MiB / 7.755GiB	0.36%
2026-10-06T20:55:34Z	coolify	317.1MiB / 7.755GiB	3.85%
2026-10-06T20:55:34Z	coolify-db	35.82MiB / 7.755GiB	0.00%
2026-10-06T20:55:34Z	coolify-redis	5.121MiB / 7.755GiB	0.41%
2026-10-06T20:55:34Z	coolify-realtime	48.89MiB / 7.755GiB	0.35%
2026-10-06T20:56:06Z	coolify	312.7MiB / 7.755GiB	0.33%
2026-10-06T20:56:06Z	coolify-db	35.41MiB / 7.755GiB	0.01%
2026-10-06T20:56:06Z	coolify-redis	5.133MiB / 7.755GiB	0.30%
2026-10-06T20:56:06Z	coolify-realtime	48.91MiB / 7.755GiB	0.31%
2026-10-06T20:56:38Z	coolify	312.7MiB / 7.755GiB	0.26%
2026-10-06T20:56:38Z	coolify-db	35.41MiB / 7.755GiB	0.01%
2026-10-06T20:56:38Z	coolify-redis	5.137MiB / 7.755GiB	2.17%
2026-10-06T20:56:38Z	coolify-realtime	48.86MiB / 7.755GiB	0.31%
