2026-10-07T15:45:07Z	deskcommcrm-app-1	192.2MiB / 768MiB	0.01%
2026-10-07T15:45:07Z	deskcommcrm-scheduler-1	2.742MiB / 7.755GiB	0.00%
2026-10-07T15:45:07Z	deskcommcrm-srh-1	4.309MiB / 7.755GiB	0.06%
2026-10-07T15:45:07Z	deskcommcrm-waha-1	102MiB / 1.25GiB	0.16%
2026-10-07T15:45:07Z	deskcommcrm-redis-1	1.387MiB / 7.755GiB	0.26%
2026-10-07T15:45:07Z	deskcommcrm-worker-1	53.53MiB / 512MiB	0.18%
2026-10-07T15:45:07Z	deskcommcrm-supabase-functions-1	2.516MiB / 7.755GiB	0.01%
2026-10-07T15:45:07Z	deskcommcrm-supabase-storage-1	19.11MiB / 7.755GiB	0.00%
2026-10-07T15:45:07Z	deskcommcrm-supabase-realtime-1	41.26MiB / 7.755GiB	0.31%
2026-10-07T15:45:07Z	deskcommcrm-supabase-meta-1	24.59MiB / 7.755GiB	0.15%
2026-10-07T15:45:07Z	deskcommcrm-supabase-auth-1	10.67MiB / 7.755GiB	0.03%
2026-10-07T15:45:07Z	deskcommcrm-supabase-supavisor-1	35.01MiB / 7.755GiB	0.17%
2026-10-07T15:45:07Z	deskcommcrm-supabase-api-gw-1	15.23MiB / 7.755GiB	0.19%
2026-10-07T15:45:07Z	deskcommcrm-supabase-rest-1	44.05MiB / 7.755GiB	0.07%
2026-10-07T15:45:07Z	deskcommcrm-supabase-db-1	198.4MiB / 7.755GiB	4.52%
2026-10-07T15:45:07Z	deskcommcrm-supabase-studio-1	101.5MiB / 7.755GiB	0.02%
2026-10-07T15:45:07Z	deskcommcrm-supabase-imgproxy-1	14.12MiB / 7.755GiB	0.00%
2026-10-07T15:45:07Z	coolify-sentinel	3.547MiB / 7.755GiB	0.02%
2026-10-07T15:45:07Z	coolify-proxy	33.54MiB / 7.755GiB	0.07%
2026-10-07T15:45:07Z	coolify	121.5MiB / 7.755GiB	0.34%
2026-10-07T15:45:07Z	coolify-db	13.26MiB / 7.755GiB	0.00%
2026-10-07T15:45:07Z	coolify-redis	8.332MiB / 7.755GiB	0.40%
2026-10-07T15:45:07Z	coolify-realtime	15.3MiB / 7.755GiB	0.30%
2026-10-07T15:45:38Z	deskcommcrm-app-1	211.4MiB / 768MiB	0.00%
2026-10-07T15:45:38Z	deskcommcrm-scheduler-1	2.457MiB / 7.755GiB	0.00%
2026-10-07T15:45:38Z	deskcommcrm-srh-1	4.312MiB / 7.755GiB	0.10%
2026-10-07T15:45:38Z	deskcommcrm-waha-1	102.7MiB / 1.25GiB	0.08%
2026-10-07T15:45:38Z	deskcommcrm-redis-1	1.387MiB / 7.755GiB	0.30%
2026-10-07T15:45:38Z	deskcommcrm-worker-1	54.61MiB / 512MiB	1.20%
2026-10-07T15:45:38Z	deskcommcrm-supabase-functions-1	2.512MiB / 7.755GiB	0.01%
2026-10-07T15:45:38Z	deskcommcrm-supabase-storage-1	22.8MiB / 7.755GiB	1.81%
2026-10-07T15:45:38Z	deskcommcrm-supabase-realtime-1	41.7MiB / 7.755GiB	0.34%
2026-10-07T15:45:38Z	deskcommcrm-supabase-meta-1	24.59MiB / 7.755GiB	7.39%
2026-10-07T15:45:38Z	deskcommcrm-supabase-auth-1	10.84MiB / 7.755GiB	1.62%
2026-10-07T15:45:38Z	deskcommcrm-supabase-supavisor-1	35.2MiB / 7.755GiB	0.29%
2026-10-07T15:45:38Z	deskcommcrm-supabase-api-gw-1	15.27MiB / 7.755GiB	0.17%
2026-10-07T15:45:38Z	deskcommcrm-supabase-rest-1	44.05MiB / 7.755GiB	0.04%
2026-10-07T15:45:38Z	deskcommcrm-supabase-db-1	197.9MiB / 7.755GiB	1.06%
2026-10-07T15:45:38Z	deskcommcrm-supabase-studio-1	102.1MiB / 7.755GiB	0.00%
2026-10-07T15:45:38Z	deskcommcrm-supabase-imgproxy-1	15.47MiB / 7.755GiB	0.00%
2026-10-07T15:45:38Z	coolify-sentinel	4.332MiB / 7.755GiB	0.03%
2026-10-07T15:45:38Z	coolify-proxy	33.74MiB / 7.755GiB	0.19%
2026-10-07T15:45:38Z	coolify	121.7MiB / 7.755GiB	0.26%
2026-10-07T15:45:38Z	coolify-db	13.38MiB / 7.755GiB	0.01%
2026-10-07T15:45:38Z	coolify-redis	8.363MiB / 7.755GiB	0.35%
2026-10-07T15:45:38Z	coolify-realtime	15.86MiB / 7.755GiB	2.17%
2026-10-07T15:46:10Z	deskcommcrm-app-1	212MiB / 768MiB	0.00%
2026-10-07T15:46:10Z	deskcommcrm-scheduler-1	2.457MiB / 7.755GiB	0.00%
2026-10-07T15:46:10Z	deskcommcrm-srh-1	4.312MiB / 7.755GiB	0.07%
2026-10-07T15:46:10Z	deskcommcrm-waha-1	102.8MiB / 1.25GiB	0.06%
2026-10-07T15:46:10Z	deskcommcrm-redis-1	1.391MiB / 7.755GiB	0.33%
2026-10-07T15:46:10Z	deskcommcrm-worker-1	54.98MiB / 512MiB	0.15%
2026-10-07T15:46:10Z	deskcommcrm-supabase-functions-1	2.516MiB / 7.755GiB	0.01%
2026-10-07T15:46:10Z	deskcommcrm-supabase-storage-1	22.84MiB / 7.755GiB	0.00%
2026-10-07T15:46:10Z	deskcommcrm-supabase-realtime-1	42.18MiB / 7.755GiB	0.51%
2026-10-07T15:46:10Z	deskcommcrm-supabase-meta-1	24.7MiB / 7.755GiB	0.24%
2026-10-07T15:46:10Z	deskcommcrm-supabase-auth-1	11.17MiB / 7.755GiB	0.06%
2026-10-07T15:46:10Z	deskcommcrm-supabase-supavisor-1	35.32MiB / 7.755GiB	0.20%
2026-10-07T15:46:10Z	deskcommcrm-supabase-api-gw-1	15.28MiB / 7.755GiB	0.40%
2026-10-07T15:46:10Z	deskcommcrm-supabase-rest-1	44.05MiB / 7.755GiB	2.29%
2026-10-07T15:46:10Z	deskcommcrm-supabase-db-1	201.1MiB / 7.755GiB	1.23%
2026-10-07T15:46:10Z	deskcommcrm-supabase-studio-1	102.8MiB / 7.755GiB	0.00%
2026-10-07T15:46:10Z	deskcommcrm-supabase-imgproxy-1	16.55MiB / 7.755GiB	0.00%
2026-10-07T15:46:10Z	coolify-sentinel	6.984MiB / 7.755GiB	0.02%
2026-10-07T15:46:10Z	coolify-proxy	35.03MiB / 7.755GiB	0.10%
2026-10-07T15:46:10Z	coolify	128.4MiB / 7.755GiB	2.59%
2026-10-07T15:46:10Z	coolify-db	16.37MiB / 7.755GiB	2.25%
2026-10-07T15:46:10Z	coolify-redis	8.344MiB / 7.755GiB	0.38%
2026-10-07T15:46:10Z	coolify-realtime	15.48MiB / 7.755GiB	0.42%
2026-10-07T15:46:42Z	deskcommcrm-app-1	212MiB / 768MiB	0.00%
2026-10-07T15:46:42Z	deskcommcrm-scheduler-1	2.457MiB / 7.755GiB	0.00%
2026-10-07T15:46:42Z	deskcommcrm-srh-1	4.312MiB / 7.755GiB	0.04%
2026-10-07T15:46:42Z	deskcommcrm-waha-1	102.9MiB / 1.25GiB	0.05%
2026-10-07T15:46:42Z	deskcommcrm-redis-1	1.391MiB / 7.755GiB	0.23%
2026-10-07T15:46:42Z	deskcommcrm-worker-1	56.12MiB / 512MiB	0.97%
2026-10-07T15:46:42Z	deskcommcrm-supabase-functions-1	2.512MiB / 7.755GiB	0.01%
2026-10-07T15:46:42Z	deskcommcrm-supabase-storage-1	22.93MiB / 7.755GiB	0.00%
2026-10-07T15:46:42Z	deskcommcrm-supabase-realtime-1	42.72MiB / 7.755GiB	0.79%
2026-10-07T15:46:42Z	deskcommcrm-supabase-meta-1	24.7MiB / 7.755GiB	0.20%
2026-10-07T15:46:42Z	deskcommcrm-supabase-auth-1	11.17MiB / 7.755GiB	0.01%
2026-10-07T15:46:42Z	deskcommcrm-supabase-supavisor-1	35.57MiB / 7.755GiB	0.17%
2026-10-07T15:46:42Z	deskcommcrm-supabase-api-gw-1	15.29MiB / 7.755GiB	0.35%
2026-10-07T15:46:42Z	deskcommcrm-supabase-rest-1	44.07MiB / 7.755GiB	0.24%
2026-10-07T15:46:42Z	deskcommcrm-supabase-db-1	201.8MiB / 7.755GiB	1.41%
2026-10-07T15:46:42Z	deskcommcrm-supabase-studio-1	103.5MiB / 7.755GiB	0.01%
2026-10-07T15:46:42Z	deskcommcrm-supabase-imgproxy-1	16.85MiB / 7.755GiB	0.00%
2026-10-07T15:46:42Z	coolify-sentinel	6.961MiB / 7.755GiB	0.03%
2026-10-07T15:46:42Z	coolify-proxy	35.22MiB / 7.755GiB	0.35%
2026-10-07T15:46:42Z	coolify	128.4MiB / 7.755GiB	0.27%
2026-10-07T15:46:42Z	coolify-db	16.37MiB / 7.755GiB	0.00%
2026-10-07T15:46:42Z	coolify-redis	8.332MiB / 7.755GiB	2.21%
2026-10-07T15:46:42Z	coolify-realtime	15.62MiB / 7.755GiB	0.39%
2026-10-07T15:47:14Z	deskcommcrm-app-1	194.8MiB / 768MiB	0.00%
2026-10-07T15:47:14Z	deskcommcrm-scheduler-1	2.457MiB / 7.755GiB	0.00%
2026-10-07T15:47:14Z	deskcommcrm-srh-1	4.336MiB / 7.755GiB	0.04%
2026-10-07T15:47:14Z	deskcommcrm-waha-1	103MiB / 1.25GiB	0.09%
2026-10-07T15:47:14Z	deskcommcrm-redis-1	1.391MiB / 7.755GiB	0.28%
2026-10-07T15:47:14Z	deskcommcrm-worker-1	57.25MiB / 512MiB	0.15%
2026-10-07T15:47:14Z	deskcommcrm-supabase-functions-1	2.52MiB / 7.755GiB	2.11%
2026-10-07T15:47:14Z	deskcommcrm-supabase-storage-1	22.94MiB / 7.755GiB	1.85%
2026-10-07T15:47:14Z	deskcommcrm-supabase-realtime-1	43.11MiB / 7.755GiB	0.54%
2026-10-07T15:47:14Z	deskcommcrm-supabase-meta-1	24.73MiB / 7.755GiB	7.25%
2026-10-07T15:47:14Z	deskcommcrm-supabase-auth-1	11.16MiB / 7.755GiB	0.02%
2026-10-07T15:47:14Z	deskcommcrm-supabase-supavisor-1	35.9MiB / 7.755GiB	0.49%
2026-10-07T15:47:14Z	deskcommcrm-supabase-api-gw-1	15.3MiB / 7.755GiB	2.26%
2026-10-07T15:47:14Z	deskcommcrm-supabase-rest-1	44.06MiB / 7.755GiB	2.46%
2026-10-07T15:47:14Z	deskcommcrm-supabase-db-1	202.9MiB / 7.755GiB	2.67%
2026-10-07T15:47:14Z	deskcommcrm-supabase-studio-1	103.8MiB / 7.755GiB	0.06%
2026-10-07T15:47:14Z	deskcommcrm-supabase-imgproxy-1	17.44MiB / 7.755GiB	0.00%
2026-10-07T15:47:14Z	coolify-sentinel	7.371MiB / 7.755GiB	0.04%
2026-10-07T15:47:14Z	coolify-proxy	38.59MiB / 7.755GiB	0.16%
2026-10-07T15:47:14Z	coolify	128.2MiB / 7.755GiB	0.33%
2026-10-07T15:47:14Z	coolify-db	17.51MiB / 7.755GiB	0.00%
2026-10-07T15:47:14Z	coolify-redis	8.344MiB / 7.755GiB	0.36%
2026-10-07T15:47:14Z	coolify-realtime	18.8MiB / 7.755GiB	0.85%
2026-10-07T15:47:47Z	deskcommcrm-app-1	197.2MiB / 768MiB	0.00%
2026-10-07T15:47:47Z	deskcommcrm-scheduler-1	2.457MiB / 7.755GiB	0.00%
2026-10-07T15:47:47Z	deskcommcrm-srh-1	4.336MiB / 7.755GiB	0.04%
2026-10-07T15:47:47Z	deskcommcrm-waha-1	103.1MiB / 1.25GiB	0.07%
2026-10-07T15:47:47Z	deskcommcrm-redis-1	1.395MiB / 7.755GiB	2.19%
2026-10-07T15:47:47Z	deskcommcrm-worker-1	57.88MiB / 512MiB	0.33%
2026-10-07T15:47:47Z	deskcommcrm-supabase-functions-1	2.512MiB / 7.755GiB	0.03%
2026-10-07T15:47:47Z	deskcommcrm-supabase-storage-1	22.97MiB / 7.755GiB	0.00%
2026-10-07T15:47:47Z	deskcommcrm-supabase-realtime-1	43.66MiB / 7.755GiB	0.56%
2026-10-07T15:47:47Z	deskcommcrm-supabase-meta-1	24.89MiB / 7.755GiB	0.23%
2026-10-07T15:47:47Z	deskcommcrm-supabase-auth-1	11.24MiB / 7.755GiB	0.00%
2026-10-07T15:47:47Z	deskcommcrm-supabase-supavisor-1	36.07MiB / 7.755GiB	0.27%
2026-10-07T15:47:47Z	deskcommcrm-supabase-api-gw-1	15.3MiB / 7.755GiB	0.20%
2026-10-07T15:47:47Z	deskcommcrm-supabase-rest-1	44.07MiB / 7.755GiB	0.09%
2026-10-07T15:47:47Z	deskcommcrm-supabase-db-1	203.4MiB / 7.755GiB	3.77%
2026-10-07T15:47:47Z	deskcommcrm-supabase-studio-1	104.2MiB / 7.755GiB	0.00%
2026-10-07T15:47:47Z	deskcommcrm-supabase-imgproxy-1	17.73MiB / 7.755GiB	0.00%
2026-10-07T15:47:47Z	coolify-sentinel	7.32MiB / 7.755GiB	0.02%
2026-10-07T15:47:47Z	coolify-proxy	40.95MiB / 7.755GiB	0.12%
2026-10-07T15:47:47Z	coolify	128.2MiB / 7.755GiB	0.29%
2026-10-07T15:47:47Z	coolify-db	17.54MiB / 7.755GiB	0.00%
2026-10-07T15:47:47Z	coolify-redis	8.285MiB / 7.755GiB	0.40%
2026-10-07T15:47:47Z	coolify-realtime	15.3MiB / 7.755GiB	0.45%
2026-10-07T15:48:19Z	deskcommcrm-app-1	198MiB / 768MiB	0.00%
2026-10-07T15:48:19Z	deskcommcrm-scheduler-1	2.457MiB / 7.755GiB	0.00%
2026-10-07T15:48:19Z	deskcommcrm-srh-1	4.344MiB / 7.755GiB	0.04%
2026-10-07T15:48:19Z	deskcommcrm-waha-1	103.6MiB / 1.25GiB	1.17%
2026-10-07T15:48:19Z	deskcommcrm-redis-1	1.395MiB / 7.755GiB	0.31%
2026-10-07T15:48:19Z	deskcommcrm-worker-1	58.71MiB / 512MiB	0.43%
2026-10-07T15:48:19Z	deskcommcrm-supabase-functions-1	2.512MiB / 7.755GiB	0.01%
2026-10-07T15:48:19Z	deskcommcrm-supabase-storage-1	22.98MiB / 7.755GiB	0.01%
2026-10-07T15:48:19Z	deskcommcrm-supabase-realtime-1	43.85MiB / 7.755GiB	0.43%
2026-10-07T15:48:19Z	deskcommcrm-supabase-meta-1	24.89MiB / 7.755GiB	0.12%
2026-10-07T15:48:19Z	deskcommcrm-supabase-auth-1	11.24MiB / 7.755GiB	1.65%
2026-10-07T15:48:19Z	deskcommcrm-supabase-supavisor-1	36.38MiB / 7.755GiB	0.62%
2026-10-07T15:48:19Z	deskcommcrm-supabase-api-gw-1	15.3MiB / 7.755GiB	0.24%
2026-10-07T15:48:19Z	deskcommcrm-supabase-rest-1	44.09MiB / 7.755GiB	0.04%
2026-10-07T15:48:19Z	deskcommcrm-supabase-db-1	207.8MiB / 7.755GiB	1.43%
2026-10-07T15:48:19Z	deskcommcrm-supabase-studio-1	104.7MiB / 7.755GiB	0.01%
2026-10-07T15:48:19Z	deskcommcrm-supabase-imgproxy-1	18.01MiB / 7.755GiB	4.71%
2026-10-07T15:48:19Z	coolify-sentinel	7.363MiB / 7.755GiB	0.02%
2026-10-07T15:48:19Z	coolify-proxy	40.99MiB / 7.755GiB	0.11%
2026-10-07T15:48:19Z	coolify	127.4MiB / 7.755GiB	0.25%
2026-10-07T15:48:19Z	coolify-db	17.23MiB / 7.755GiB	0.01%
2026-10-07T15:48:19Z	coolify-redis	8.289MiB / 7.755GiB	0.32%
2026-10-07T15:48:19Z	coolify-realtime	15.46MiB / 7.755GiB	0.31%
2026-10-07T15:48:51Z	deskcommcrm-app-1	198MiB / 768MiB	0.00%
2026-10-07T15:48:51Z	deskcommcrm-scheduler-1	2.457MiB / 7.755GiB	0.00%
2026-10-07T15:48:51Z	deskcommcrm-srh-1	4.344MiB / 7.755GiB	0.04%
2026-10-07T15:48:51Z	deskcommcrm-waha-1	103.6MiB / 1.25GiB	0.07%
2026-10-07T15:48:51Z	deskcommcrm-redis-1	1.395MiB / 7.755GiB	0.26%
2026-10-07T15:48:51Z	deskcommcrm-worker-1	59.79MiB / 512MiB	0.14%
2026-10-07T15:48:51Z	deskcommcrm-supabase-functions-1	2.516MiB / 7.755GiB	0.01%
2026-10-07T15:48:51Z	deskcommcrm-supabase-storage-1	22.98MiB / 7.755GiB	0.00%
2026-10-07T15:48:51Z	deskcommcrm-supabase-realtime-1	46.41MiB / 7.755GiB	0.13%
2026-10-07T15:48:51Z	deskcommcrm-supabase-meta-1	27.4MiB / 7.755GiB	2.48%
2026-10-07T15:48:51Z	deskcommcrm-supabase-auth-1	11.25MiB / 7.755GiB	0.05%
2026-10-07T15:48:51Z	deskcommcrm-supabase-supavisor-1	36.5MiB / 7.755GiB	0.24%
2026-10-07T15:48:51Z	deskcommcrm-supabase-api-gw-1	15.3MiB / 7.755GiB	0.31%
2026-10-07T15:48:51Z	deskcommcrm-supabase-rest-1	44.1MiB / 7.755GiB	0.04%
2026-10-07T15:48:51Z	deskcommcrm-supabase-db-1	197MiB / 7.755GiB	0.11%
2026-10-07T15:48:51Z	deskcommcrm-supabase-studio-1	104.9MiB / 7.755GiB	0.36%
2026-10-07T15:48:51Z	deskcommcrm-supabase-imgproxy-1	18.5MiB / 7.755GiB	0.00%
2026-10-07T15:48:51Z	coolify-sentinel	7.348MiB / 7.755GiB	0.02%
2026-10-07T15:48:51Z	coolify-proxy	41MiB / 7.755GiB	0.08%
2026-10-07T15:48:51Z	coolify	127.4MiB / 7.755GiB	3.40%
2026-10-07T15:48:51Z	coolify-db	17.23MiB / 7.755GiB	0.00%
2026-10-07T15:48:51Z	coolify-redis	8.289MiB / 7.755GiB	0.40%
2026-10-07T15:48:51Z	coolify-realtime	15.6MiB / 7.755GiB	2.14%
2026-10-07T15:49:23Z	deskcommcrm-app-1	199.5MiB / 768MiB	0.00%
2026-10-07T15:49:23Z	deskcommcrm-scheduler-1	2.457MiB / 7.755GiB	0.00%
2026-10-07T15:49:23Z	deskcommcrm-srh-1	4.348MiB / 7.755GiB	0.06%
2026-10-07T15:49:23Z	deskcommcrm-waha-1	103.7MiB / 1.25GiB	0.07%
2026-10-07T15:49:23Z	deskcommcrm-redis-1	1.395MiB / 7.755GiB	0.29%
2026-10-07T15:49:23Z	deskcommcrm-worker-1	60.31MiB / 512MiB	0.15%
2026-10-07T15:49:23Z	deskcommcrm-supabase-functions-1	2.512MiB / 7.755GiB	0.01%
2026-10-07T15:49:23Z	deskcommcrm-supabase-storage-1	22.99MiB / 7.755GiB	0.01%
2026-10-07T15:49:23Z	deskcommcrm-supabase-realtime-1	47.8MiB / 7.755GiB	0.12%
2026-10-07T15:49:23Z	deskcommcrm-supabase-meta-1	25.73MiB / 7.755GiB	0.12%
2026-10-07T15:49:23Z	deskcommcrm-supabase-auth-1	11.25MiB / 7.755GiB	0.00%
2026-10-07T15:49:23Z	deskcommcrm-supabase-supavisor-1	37.05MiB / 7.755GiB	0.35%
2026-10-07T15:49:23Z	deskcommcrm-supabase-api-gw-1	15.31MiB / 7.755GiB	0.17%
2026-10-07T15:49:23Z	deskcommcrm-supabase-rest-1	44.11MiB / 7.755GiB	0.05%
2026-10-07T15:49:23Z	deskcommcrm-supabase-db-1	201.1MiB / 7.755GiB	2.22%
2026-10-07T15:49:23Z	deskcommcrm-supabase-studio-1	105.3MiB / 7.755GiB	0.00%
2026-10-07T15:49:23Z	deskcommcrm-supabase-imgproxy-1	18.59MiB / 7.755GiB	0.01%
2026-10-07T15:49:23Z	coolify-sentinel	7.32MiB / 7.755GiB	0.03%
2026-10-07T15:49:23Z	coolify-proxy	41.06MiB / 7.755GiB	0.09%
2026-10-07T15:49:23Z	coolify	133.5MiB / 7.755GiB	0.25%
2026-10-07T15:49:23Z	coolify-db	18.46MiB / 7.755GiB	0.00%
2026-10-07T15:49:23Z	coolify-redis	8.859MiB / 7.755GiB	1.97%
2026-10-07T15:49:23Z	coolify-realtime	15.7MiB / 7.755GiB	0.30%
2026-10-07T15:49:55Z	deskcommcrm-app-1	200.5MiB / 768MiB	0.00%
2026-10-07T15:49:55Z	deskcommcrm-scheduler-1	2.488MiB / 7.755GiB	1.65%
2026-10-07T15:49:55Z	deskcommcrm-srh-1	4.465MiB / 7.755GiB	0.07%
2026-10-07T15:49:55Z	deskcommcrm-waha-1	103.7MiB / 1.25GiB	0.07%
2026-10-07T15:49:55Z	deskcommcrm-redis-1	1.395MiB / 7.755GiB	0.26%
2026-10-07T15:49:55Z	deskcommcrm-worker-1	61.04MiB / 512MiB	0.13%
2026-10-07T15:49:55Z	deskcommcrm-supabase-functions-1	2.52MiB / 7.755GiB	1.71%
2026-10-07T15:49:55Z	deskcommcrm-supabase-storage-1	23.86MiB / 7.755GiB	1.73%
2026-10-07T15:49:55Z	deskcommcrm-supabase-realtime-1	47.97MiB / 7.755GiB	0.28%
2026-10-07T15:49:55Z	deskcommcrm-supabase-meta-1	25.76MiB / 7.755GiB	0.23%
2026-10-07T15:49:55Z	deskcommcrm-supabase-auth-1	11.52MiB / 7.755GiB	0.01%
2026-10-07T15:49:55Z	deskcommcrm-supabase-supavisor-1	37.58MiB / 7.755GiB	0.19%
2026-10-07T15:49:55Z	deskcommcrm-supabase-api-gw-1	15.3MiB / 7.755GiB	2.00%
2026-10-07T15:49:55Z	deskcommcrm-supabase-rest-1	44.13MiB / 7.755GiB	0.04%
2026-10-07T15:49:55Z	deskcommcrm-supabase-db-1	189.6MiB / 7.755GiB	0.15%
2026-10-07T15:49:55Z	deskcommcrm-supabase-studio-1	106MiB / 7.755GiB	7.32%
2026-10-07T15:49:55Z	deskcommcrm-supabase-imgproxy-1	19.09MiB / 7.755GiB	4.38%
2026-10-07T15:49:55Z	coolify-sentinel	7.348MiB / 7.755GiB	0.03%
2026-10-07T15:49:55Z	coolify-proxy	41.67MiB / 7.755GiB	0.23%
2026-10-07T15:49:55Z	coolify	133.5MiB / 7.755GiB	0.24%
2026-10-07T15:49:55Z	coolify-db	18.46MiB / 7.755GiB	0.00%
2026-10-07T15:49:55Z	coolify-redis	8.438MiB / 7.755GiB	0.34%
2026-10-07T15:49:55Z	coolify-realtime	15.82MiB / 7.755GiB	1.98%
